"Name","State","Notes","User","Tags","Created","Runtime","Sweep","Alpha_layer0","Alpha_layer1","Alpha_layer2","Alpha_layer3","Batch_size","Beta_layer0","Beta_layer1","Beta_layer2","Beta_layer3","Gamma_layer0","Gamma_layer1","Gamma_layer2","Gamma_layer3","Model_Name","architecture","dataset","epochs","learning_rate","momentum","noise_param","noise_type","timesteps","Accuracy","Time Taken to Run the Code(Mins)","Timestep","chance_level"
"Beta_layer2_perturbation_0.53_gauss_0.80","finished","-","","","2025-07-04T18:11:37.000Z","16","","0.01","0.01","0.01","0.01","128","0.33","0.33","0.53","0.33","0.33","0.33","0.33","0.33","ff_fb_model","CNN","CIFAR-10","70","0.001","0.9","0.8","gauss","10","45.37","0.27434919675191244","10","10"
"Beta_layer2_perturbation_0.53_gauss_0.80","finished","-","","","2025-07-04T18:11:13.000Z","16","","0.01","0.01","0.01","0.01","128","0.33","0.33","0.43","0.33","0.33","0.33","0.33","0.33","ff_fb_model","CNN","CIFAR-10","70","0.001","0.9","0.8","gauss","10","46.05","0.2736594716707865","10","10"
"Beta_layer2_perturbation_0.53_gauss_0.80","finished","-","","","2025-07-04T18:10:49.000Z","16","","0.01","0.01","0.01","0.01","128","0.33","0.33","0.33","0.33","0.33","0.33","0.33","0.33","ff_fb_model","CNN","CIFAR-10","70","0.001","0.9","0.8","gauss","10","47.32","0.2734569946924845","10","10"
"Beta_layer2_perturbation_0.53_gauss_0.80","finished","-","","","2025-07-04T18:10:25.000Z","17","","0.01","0.01","0.01","0.01","128","0.33","0.33","0.23","0.33","0.33","0.33","0.33","0.33","ff_fb_model","CNN","CIFAR-10","70","0.001","0.9","0.8","gauss","10","48.28","0.2743220011393229","10","10"
"Beta_layer2_perturbation_0.53_gauss_0.80","finished","-","","","2025-07-04T18:10:01.000Z","16","","0.01","0.01","0.01","0.01","128","0.33","0.33","0.13","0.33","0.33","0.33","0.33","0.33","ff_fb_model","CNN","CIFAR-10","70","0.001","0.9","0.8","gauss","10","49.11","0.2730635603268941","10","10"
"Beta_layer2_perturbation_0.53_gauss_0.60","finished","-","","","2025-07-04T18:09:37.000Z","17","","0.01","0.01","0.01","0.01","128","0.33","0.33","0.53","0.33","0.33","0.33","0.33","0.33","ff_fb_model","CNN","CIFAR-10","70","0.001","0.9","0.6000000000000001","gauss","10","49.01","0.27308103640874226","10","10"
"Beta_layer2_perturbation_0.53_gauss_0.60","finished","-","","","2025-07-04T18:09:13.000Z","17","","0.01","0.01","0.01","0.01","128","0.33","0.33","0.43","0.33","0.33","0.33","0.33","0.33","ff_fb_model","CNN","CIFAR-10","70","0.001","0.9","0.6000000000000001","gauss","10","50.01","0.2744641025861104","10","10"
"Beta_layer2_perturbation_0.53_gauss_0.60","finished","-","","","2025-07-04T18:08:49.000Z","16","","0.01","0.01","0.01","0.01","128","0.33","0.33","0.33","0.33","0.33","0.33","0.33","0.33","ff_fb_model","CNN","CIFAR-10","70","0.001","0.9","0.6000000000000001","gauss","10","51.12","0.27463592290878297","10","10"
"Beta_layer2_perturbation_0.53_gauss_0.60","finished","-","","","2025-07-04T18:08:25.000Z","16","","0.01","0.01","0.01","0.01","128","0.33","0.33","0.23","0.33","0.33","0.33","0.33","0.33","ff_fb_model","CNN","CIFAR-10","70","0.001","0.9","0.6000000000000001","gauss","10","52.48","0.2701198816299438","10","10"
"Beta_layer2_perturbation_0.53_gauss_0.60","finished","-","","","2025-07-04T18:08:01.000Z","16","","0.01","0.01","0.01","0.01","128","0.33","0.33","0.13","0.33","0.33","0.33","0.33","0.33","ff_fb_model","CNN","CIFAR-10","70","0.001","0.9","0.6000000000000001","gauss","10","52.97","0.27321032285690305","10","10"
"Beta_layer2_perturbation_0.53_gauss_0.40","finished","-","","","2025-07-04T18:07:37.000Z","16","","0.01","0.01","0.01","0.01","128","0.33","0.33","0.53","0.33","0.33","0.33","0.33","0.33","ff_fb_model","CNN","CIFAR-10","70","0.001","0.9","0.4","gauss","10","52.54","0.27090954780578613","10","10"
"Beta_layer2_perturbation_0.53_gauss_0.40","finished","-","","","2025-07-04T18:07:13.000Z","16","","0.01","0.01","0.01","0.01","128","0.33","0.33","0.43","0.33","0.33","0.33","0.33","0.33","ff_fb_model","CNN","CIFAR-10","70","0.001","0.9","0.4","gauss","10","53.51","0.27085878849029543","10","10"
"Beta_layer2_perturbation_0.53_gauss_0.40","finished","-","","","2025-07-04T18:06:49.000Z","17","","0.01","0.01","0.01","0.01","128","0.33","0.33","0.33","0.33","0.33","0.33","0.33","0.33","ff_fb_model","CNN","CIFAR-10","70","0.001","0.9","0.4","gauss","10","54.63","0.27132801214853924","10","10"
"Beta_layer2_perturbation_0.53_gauss_0.40","finished","-","","","2025-07-04T18:06:25.000Z","17","","0.01","0.01","0.01","0.01","128","0.33","0.33","0.23","0.33","0.33","0.33","0.33","0.33","ff_fb_model","CNN","CIFAR-10","70","0.001","0.9","0.4","gauss","10","55.89","0.2727190653483073","10","10"
"Beta_layer2_perturbation_0.53_gauss_0.40","finished","-","","","2025-07-04T18:06:01.000Z","17","","0.01","0.01","0.01","0.01","128","0.33","0.33","0.13","0.33","0.33","0.33","0.33","0.33","ff_fb_model","CNN","CIFAR-10","70","0.001","0.9","0.4","gauss","10","56.25","0.2705154657363892","10","10"
"Beta_layer2_perturbation_0.53_gauss_0.20","finished","-","","","2025-07-04T18:05:37.000Z","17","","0.01","0.01","0.01","0.01","128","0.33","0.33","0.53","0.33","0.33","0.33","0.33","0.33","ff_fb_model","CNN","CIFAR-10","70","0.001","0.9","0.2","gauss","10","55.19","0.28002817233403526","10","10"
"Beta_layer2_perturbation_0.53_gauss_0.20","finished","-","","","2025-07-04T18:05:13.000Z","16","","0.01","0.01","0.01","0.01","128","0.33","0.33","0.43","0.33","0.33","0.33","0.33","0.33","ff_fb_model","CNN","CIFAR-10","70","0.001","0.9","0.2","gauss","10","56.18","0.2722648541132609","10","10"
"Beta_layer2_perturbation_0.53_gauss_0.20","finished","-","","","2025-07-04T18:04:49.000Z","16","","0.01","0.01","0.01","0.01","128","0.33","0.33","0.33","0.33","0.33","0.33","0.33","0.33","ff_fb_model","CNN","CIFAR-10","70","0.001","0.9","0.2","gauss","10","57.03","0.2761525511741638","10","10"
"Beta_layer2_perturbation_0.53_gauss_0.20","finished","-","","","2025-07-04T18:04:24.000Z","17","","0.01","0.01","0.01","0.01","128","0.33","0.33","0.23","0.33","0.33","0.33","0.33","0.33","ff_fb_model","CNN","CIFAR-10","70","0.001","0.9","0.2","gauss","10","58.03","0.2735339005788167","10","10"
"Beta_layer2_perturbation_0.53_gauss_0.20","finished","-","","","2025-07-04T18:04:00.000Z","17","","0.01","0.01","0.01","0.01","128","0.33","0.33","0.13","0.33","0.33","0.33","0.33","0.33","ff_fb_model","CNN","CIFAR-10","70","0.001","0.9","0.2","gauss","10","58.82","0.273690390586853","10","10"
"Beta_layer2_perturbation_0.53_gauss_0.00","finished","-","","","2025-07-04T18:03:36.000Z","16","","0.01","0.01","0.01","0.01","128","0.33","0.33","0.53","0.33","0.33","0.33","0.33","0.33","ff_fb_model","CNN","CIFAR-10","70","0.001","0.9","0","gauss","10","55.73","0.27339568932851155","10","10"
"Beta_layer2_perturbation_0.53_gauss_0.00","finished","-","","","2025-07-04T18:03:12.000Z","16","","0.01","0.01","0.01","0.01","128","0.33","0.33","0.43","0.33","0.33","0.33","0.33","0.33","ff_fb_model","CNN","CIFAR-10","70","0.001","0.9","0","gauss","10","56.92","0.2709861795107524","10","10"
"Beta_layer2_perturbation_0.53_gauss_0.00","finished","-","","","2025-07-04T18:02:48.000Z","16","","0.01","0.01","0.01","0.01","128","0.33","0.33","0.33","0.33","0.33","0.33","0.33","0.33","ff_fb_model","CNN","CIFAR-10","70","0.001","0.9","0","gauss","10","57.97","0.27307292222976687","10","10"
"Beta_layer2_perturbation_0.53_gauss_0.00","finished","-","","","2025-07-04T18:02:24.000Z","17","","0.01","0.01","0.01","0.01","128","0.33","0.33","0.23","0.33","0.33","0.33","0.33","0.33","ff_fb_model","CNN","CIFAR-10","70","0.001","0.9","0","gauss","10","59.26","0.2762197494506836","10","10"
"Beta_layer2_perturbation_0.53_gauss_0.00","finished","-","","","2025-07-04T18:02:00.000Z","17","","0.01","0.01","0.01","0.01","128","0.33","0.33","0.13","0.33","0.33","0.33","0.33","0.33","ff_fb_model","CNN","CIFAR-10","70","0.001","0.9","0","gauss","10","60.33","0.27675851186116535","10","10"
"Beta_layer2_perturbation_0.53_sp_0.06","finished","-","","","2025-07-04T18:01:36.000Z","17","","0.01","0.01","0.01","0.01","128","0.33","0.33","0.53","0.33","0.33","0.33","0.33","0.33","ff_fb_model","CNN","CIFAR-10","70","0.001","0.9","0.06","s&p","10","41.82","0.26978813409805297","10","10"
"Beta_layer2_perturbation_0.43_sp_0.06","finished","-","","","2025-07-04T18:01:13.000Z","16","","0.01","0.01","0.01","0.01","128","0.33","0.33","0.43","0.33","0.33","0.33","0.33","0.33","ff_fb_model","CNN","CIFAR-10","70","0.001","0.9","0.06","s&p","10","42.99","0.27372737328211466","10","10"
"Beta_layer2_perturbation_0.33_sp_0.06","finished","-","","","2025-07-04T18:00:49.000Z","16","","0.01","0.01","0.01","0.01","128","0.33","0.33","0.33","0.33","0.33","0.33","0.33","0.33","ff_fb_model","CNN","CIFAR-10","70","0.001","0.9","0.06","s&p","10","44.3","0.271056604385376","10","10"
"Beta_layer2_perturbation_0.23_sp_0.06","finished","-","","","2025-07-04T18:00:25.000Z","17","","0.01","0.01","0.01","0.01","128","0.33","0.33","0.23","0.33","0.33","0.33","0.33","0.33","ff_fb_model","CNN","CIFAR-10","70","0.001","0.9","0.06","s&p","10","46.09","0.26984142462412514","10","10"
"Beta_layer2_perturbation_0.13_sp_0.06","finished","-","","","2025-07-04T18:00:02.000Z","16","","0.01","0.01","0.01","0.01","128","0.33","0.33","0.13","0.33","0.33","0.33","0.33","0.33","ff_fb_model","CNN","CIFAR-10","70","0.001","0.9","0.06","s&p","10","47.55","0.2709779421488444","10","10"
"Beta_layer2_perturbation_0.53_sp_0.04","finished","-","","","2025-07-04T17:59:37.000Z","17","","0.01","0.01","0.01","0.01","128","0.33","0.33","0.53","0.33","0.33","0.33","0.33","0.33","ff_fb_model","CNN","CIFAR-10","70","0.001","0.9","0.04","s&p","10","45.69","0.27478584051132204","10","10"
"Beta_layer2_perturbation_0.43_sp_0.04","finished","-","","","2025-07-04T17:59:14.000Z","16","","0.01","0.01","0.01","0.01","128","0.33","0.33","0.43","0.33","0.33","0.33","0.33","0.33","ff_fb_model","CNN","CIFAR-10","70","0.001","0.9","0.04","s&p","10","46.9","0.2712528149286906","10","10"
"Beta_layer2_perturbation_0.33_sp_0.04","finished","-","","","2025-07-04T17:58:50.000Z","16","","0.01","0.01","0.01","0.01","128","0.33","0.33","0.33","0.33","0.33","0.33","0.33","0.33","ff_fb_model","CNN","CIFAR-10","70","0.001","0.9","0.04","s&p","10","48.25","0.2694505532582601","10","10"
"Beta_layer2_perturbation_0.23_sp_0.04","finished","-","","","2025-07-04T17:58:27.000Z","16","","0.01","0.01","0.01","0.01","128","0.33","0.33","0.23","0.33","0.33","0.33","0.33","0.33","ff_fb_model","CNN","CIFAR-10","70","0.001","0.9","0.04","s&p","10","49.55","0.26788427035013834","10","10"
"Beta_layer2_perturbation_0.13_sp_0.04","finished","-","","","2025-07-04T17:58:03.000Z","16","","0.01","0.01","0.01","0.01","128","0.33","0.33","0.13","0.33","0.33","0.33","0.33","0.33","ff_fb_model","CNN","CIFAR-10","70","0.001","0.9","0.04","s&p","10","51.12","0.2709859689076742","10","10"
"Beta_layer2_perturbation_0.53_sp_0.02","finished","-","","","2025-07-04T17:57:39.000Z","17","","0.01","0.01","0.01","0.01","128","0.33","0.33","0.53","0.33","0.33","0.33","0.33","0.33","ff_fb_model","CNN","CIFAR-10","70","0.001","0.9","0.02","s&p","10","50.8","0.27106063763300575","10","10"
"Beta_layer2_perturbation_0.43_sp_0.02","finished","-","","","2025-07-04T17:57:15.000Z","17","","0.01","0.01","0.01","0.01","128","0.33","0.33","0.43","0.33","0.33","0.33","0.33","0.33","ff_fb_model","CNN","CIFAR-10","70","0.001","0.9","0.02","s&p","10","51.9","0.2694965521494547","10","10"
"Beta_layer2_perturbation_0.33_sp_0.02","finished","-","","","2025-07-04T17:56:52.000Z","16","","0.01","0.01","0.01","0.01","128","0.33","0.33","0.33","0.33","0.33","0.33","0.33","0.33","ff_fb_model","CNN","CIFAR-10","70","0.001","0.9","0.02","s&p","10","53.23","0.26776941617329914","10","10"
"Beta_layer2_perturbation_0.23_sp_0.02","finished","-","","","2025-07-04T17:56:28.000Z","16","","0.01","0.01","0.01","0.01","128","0.33","0.33","0.23","0.33","0.33","0.33","0.33","0.33","ff_fb_model","CNN","CIFAR-10","70","0.001","0.9","0.02","s&p","10","54.4","0.26802870829900105","10","10"
"Beta_layer2_perturbation_0.13_sp_0.02","finished","-","","","2025-07-04T17:56:04.000Z","17","","0.01","0.01","0.01","0.01","128","0.33","0.33","0.13","0.33","0.33","0.33","0.33","0.33","ff_fb_model","CNN","CIFAR-10","70","0.001","0.9","0.02","s&p","10","55.68","0.2728460113207499","10","10"
"Beta_layer2_perturbation_0.53_sp_0.00","finished","-","","","2025-07-04T17:55:41.000Z","16","","0.01","0.01","0.01","0.01","128","0.33","0.33","0.53","0.33","0.33","0.33","0.33","0.33","ff_fb_model","CNN","CIFAR-10","70","0.001","0.9","0","s&p","10","55.73","0.2702950199445089","10","10"
"Beta_layer2_perturbation_0.43_sp_0.00","finished","-","","","2025-07-04T17:55:17.000Z","16","","0.01","0.01","0.01","0.01","128","0.33","0.33","0.43","0.33","0.33","0.33","0.33","0.33","ff_fb_model","CNN","CIFAR-10","70","0.001","0.9","0","s&p","10","56.92","0.27073171933492024","10","10"
"Beta_layer2_perturbation_0.33_sp_0.00","finished","-","","","2025-07-04T17:54:53.000Z","16","","0.01","0.01","0.01","0.01","128","0.33","0.33","0.33","0.33","0.33","0.33","0.33","0.33","ff_fb_model","CNN","CIFAR-10","70","0.001","0.9","0","s&p","10","57.97","0.2720142245292664","10","10"
"Beta_layer2_perturbation_0.23_sp_0.00","finished","-","","","2025-07-04T17:54:29.000Z","16","","0.01","0.01","0.01","0.01","128","0.33","0.33","0.23","0.33","0.33","0.33","0.33","0.33","ff_fb_model","CNN","CIFAR-10","70","0.001","0.9","0","s&p","10","59.26","0.27039923270543414","10","10"
"Beta_layer2_perturbation_0.13_sp_0.00","finished","-","","","2025-07-04T17:54:05.000Z","16","","0.01","0.01","0.01","0.01","128","0.33","0.33","0.13","0.33","0.33","0.33","0.33","0.33","ff_fb_model","CNN","CIFAR-10","70","0.001","0.9","0","s&p","10","60.33","0.27106279532114663","10","10"
"Beta_layer1_perturbation_0.53_gauss_0.80","finished","-","","","2025-07-04T17:53:41.000Z","16","","0.01","0.01","0.01","0.01","128","0.33","0.53","0.33","0.33","0.33","0.33","0.33","0.33","ff_fb_model","CNN","CIFAR-10","70","0.001","0.9","0.8","gauss","10","46.15","0.27493361234664915","10","10"
"Beta_layer1_perturbation_0.53_gauss_0.80","finished","-","","","2025-07-04T17:53:17.000Z","16","","0.01","0.01","0.01","0.01","128","0.33","0.43","0.33","0.33","0.33","0.33","0.33","0.33","ff_fb_model","CNN","CIFAR-10","70","0.001","0.9","0.8","gauss","10","46.76","0.27080690463383994","10","10"
"Beta_layer1_perturbation_0.53_gauss_0.80","finished","-","","","2025-07-04T17:52:53.000Z","17","","0.01","0.01","0.01","0.01","128","0.33","0.33","0.33","0.33","0.33","0.33","0.33","0.33","ff_fb_model","CNN","CIFAR-10","70","0.001","0.9","0.8","gauss","10","47.32","0.27445687452952067","10","10"
"Beta_layer1_perturbation_0.53_gauss_0.80","finished","-","","","2025-07-04T17:52:30.000Z","16","","0.01","0.01","0.01","0.01","128","0.33","0.23","0.33","0.33","0.33","0.33","0.33","0.33","ff_fb_model","CNN","CIFAR-10","70","0.001","0.9","0.8","gauss","10","48.22","0.2718069553375244","10","10"
"Beta_layer1_perturbation_0.53_gauss_0.80","finished","-","","","2025-07-04T17:52:06.000Z","16","","0.01","0.01","0.01","0.01","128","0.33","0.13","0.33","0.33","0.33","0.33","0.33","0.33","ff_fb_model","CNN","CIFAR-10","70","0.001","0.9","0.8","gauss","10","49.52","0.27183034817377727","10","10"
"Beta_layer1_perturbation_0.53_gauss_0.60","finished","-","","","2025-07-04T17:51:42.000Z","16","","0.01","0.01","0.01","0.01","128","0.33","0.53","0.33","0.33","0.33","0.33","0.33","0.33","ff_fb_model","CNN","CIFAR-10","70","0.001","0.9","0.6000000000000001","gauss","10","49.56","0.27700148423512777","10","10"
"Beta_layer1_perturbation_0.53_gauss_0.60","finished","-","","","2025-07-04T17:51:18.000Z","16","","0.01","0.01","0.01","0.01","128","0.33","0.43","0.33","0.33","0.33","0.33","0.33","0.33","ff_fb_model","CNN","CIFAR-10","70","0.001","0.9","0.6000000000000001","gauss","10","50.18","0.27429930766423544","10","10"
"Beta_layer1_perturbation_0.53_gauss_0.60","finished","-","","","2025-07-04T17:50:54.000Z","16","","0.01","0.01","0.01","0.01","128","0.33","0.33","0.33","0.33","0.33","0.33","0.33","0.33","ff_fb_model","CNN","CIFAR-10","70","0.001","0.9","0.6000000000000001","gauss","10","51.12","0.2740474263827006","10","10"
"Beta_layer1_perturbation_0.53_gauss_0.60","finished","-","","","2025-07-04T17:50:30.000Z","17","","0.01","0.01","0.01","0.01","128","0.33","0.23","0.33","0.33","0.33","0.33","0.33","0.33","ff_fb_model","CNN","CIFAR-10","70","0.001","0.9","0.6000000000000001","gauss","10","52.48","0.2730310479799906","10","10"
"Beta_layer1_perturbation_0.53_gauss_0.60","finished","-","","","2025-07-04T17:50:06.000Z","17","","0.01","0.01","0.01","0.01","128","0.33","0.13","0.33","0.33","0.33","0.33","0.33","0.33","ff_fb_model","CNN","CIFAR-10","70","0.001","0.9","0.6000000000000001","gauss","10","53.67","0.2737649957338969","10","10"
"Beta_layer1_perturbation_0.53_gauss_0.40","finished","-","","","2025-07-04T17:49:43.000Z","16","","0.01","0.01","0.01","0.01","128","0.33","0.53","0.33","0.33","0.33","0.33","0.33","0.33","ff_fb_model","CNN","CIFAR-10","70","0.001","0.9","0.4","gauss","10","53","0.27322794993718463","10","10"
"Beta_layer1_perturbation_0.53_gauss_0.40","finished","-","","","2025-07-04T17:49:18.000Z","17","","0.01","0.01","0.01","0.01","128","0.33","0.43","0.33","0.33","0.33","0.33","0.33","0.33","ff_fb_model","CNN","CIFAR-10","70","0.001","0.9","0.4","gauss","10","53.69","0.2749990026156108","10","10"
"Beta_layer1_perturbation_0.53_gauss_0.40","finished","-","","","2025-07-04T17:48:55.000Z","16","","0.01","0.01","0.01","0.01","128","0.33","0.33","0.33","0.33","0.33","0.33","0.33","0.33","ff_fb_model","CNN","CIFAR-10","70","0.001","0.9","0.4","gauss","10","54.63","0.27182597716649376","10","10"
"Beta_layer1_perturbation_0.53_gauss_0.40","finished","-","","","2025-07-04T17:48:31.000Z","16","","0.01","0.01","0.01","0.01","128","0.33","0.23","0.33","0.33","0.33","0.33","0.33","0.33","ff_fb_model","CNN","CIFAR-10","70","0.001","0.9","0.4","gauss","10","55.77","0.27103647391001384","10","10"
"Beta_layer1_perturbation_0.53_gauss_0.40","finished","-","","","2025-07-04T17:48:07.000Z","16","","0.01","0.01","0.01","0.01","128","0.33","0.13","0.33","0.33","0.33","0.33","0.33","0.33","ff_fb_model","CNN","CIFAR-10","70","0.001","0.9","0.4","gauss","10","57.24","0.27523138920466106","10","10"
"Beta_layer1_perturbation_0.53_gauss_0.20","finished","-","","","2025-07-04T17:47:43.000Z","16","","0.01","0.01","0.01","0.01","128","0.33","0.53","0.33","0.33","0.33","0.33","0.33","0.33","ff_fb_model","CNN","CIFAR-10","70","0.001","0.9","0.2","gauss","10","55.46","0.2743574182192485","10","10"
"Beta_layer1_perturbation_0.53_gauss_0.20","finished","-","","","2025-07-04T17:47:19.000Z","17","","0.01","0.01","0.01","0.01","128","0.33","0.43","0.33","0.33","0.33","0.33","0.33","0.33","ff_fb_model","CNN","CIFAR-10","70","0.001","0.9","0.2","gauss","10","56.24","0.2729714155197144","10","10"
"Beta_layer1_perturbation_0.53_gauss_0.20","finished","-","","","2025-07-04T17:46:55.000Z","17","","0.01","0.01","0.01","0.01","128","0.33","0.33","0.33","0.33","0.33","0.33","0.33","0.33","ff_fb_model","CNN","CIFAR-10","70","0.001","0.9","0.2","gauss","10","57.03","0.2742038170496623","10","10"
"Beta_layer1_perturbation_0.53_gauss_0.20","finished","-","","","2025-07-04T17:46:32.000Z","16","","0.01","0.01","0.01","0.01","128","0.33","0.23","0.33","0.33","0.33","0.33","0.33","0.33","ff_fb_model","CNN","CIFAR-10","70","0.001","0.9","0.2","gauss","10","58.04","0.2715288718541463","10","10"
"Beta_layer1_perturbation_0.53_gauss_0.20","finished","-","","","2025-07-04T17:46:07.000Z","17","","0.01","0.01","0.01","0.01","128","0.33","0.13","0.33","0.33","0.33","0.33","0.33","0.33","ff_fb_model","CNN","CIFAR-10","70","0.001","0.9","0.2","gauss","10","59.31","0.27628277937571205","10","10"
"Beta_layer1_perturbation_0.53_gauss_0.00","finished","-","","","2025-07-04T17:45:44.000Z","16","","0.01","0.01","0.01","0.01","128","0.33","0.53","0.33","0.33","0.33","0.33","0.33","0.33","ff_fb_model","CNN","CIFAR-10","70","0.001","0.9","0","gauss","10","56.38","0.27335734367370607","10","10"
"Beta_layer1_perturbation_0.53_gauss_0.00","finished","-","","","2025-07-04T17:45:20.000Z","16","","0.01","0.01","0.01","0.01","128","0.33","0.43","0.33","0.33","0.33","0.33","0.33","0.33","ff_fb_model","CNN","CIFAR-10","70","0.001","0.9","0","gauss","10","57.16","0.2739642858505249","10","10"
"Beta_layer1_perturbation_0.53_gauss_0.00","finished","-","","","2025-07-04T17:44:56.000Z","16","","0.01","0.01","0.01","0.01","128","0.33","0.33","0.33","0.33","0.33","0.33","0.33","0.33","ff_fb_model","CNN","CIFAR-10","70","0.001","0.9","0","gauss","10","57.97","0.2763160387674967","10","10"
"Beta_layer1_perturbation_0.53_gauss_0.00","finished","-","","","2025-07-04T17:44:32.000Z","16","","0.01","0.01","0.01","0.01","128","0.33","0.23","0.33","0.33","0.33","0.33","0.33","0.33","ff_fb_model","CNN","CIFAR-10","70","0.001","0.9","0","gauss","10","59.13","0.2715694586435954","10","10"
"Beta_layer1_perturbation_0.53_gauss_0.00","finished","-","","","2025-07-04T17:44:08.000Z","16","","0.01","0.01","0.01","0.01","128","0.33","0.13","0.33","0.33","0.33","0.33","0.33","0.33","ff_fb_model","CNN","CIFAR-10","70","0.001","0.9","0","gauss","10","60.57","0.2745308001836141","10","10"
"Beta_layer1_perturbation_0.53_sp_0.06","finished","-","","","2025-07-04T17:43:44.000Z","17","","0.01","0.01","0.01","0.01","128","0.33","0.53","0.33","0.33","0.33","0.33","0.33","0.33","ff_fb_model","CNN","CIFAR-10","70","0.001","0.9","0.06","s&p","10","42.91","0.2700230876604716","10","10"
"Beta_layer1_perturbation_0.43_sp_0.06","finished","-","","","2025-07-04T17:43:21.000Z","16","","0.01","0.01","0.01","0.01","128","0.33","0.43","0.33","0.33","0.33","0.33","0.33","0.33","ff_fb_model","CNN","CIFAR-10","70","0.001","0.9","0.06","s&p","10","43.63","0.27145797411600747","10","10"
"Beta_layer1_perturbation_0.33_sp_0.06","finished","-","","","2025-07-04T17:42:57.000Z","16","","0.01","0.01","0.01","0.01","128","0.33","0.33","0.33","0.33","0.33","0.33","0.33","0.33","ff_fb_model","CNN","CIFAR-10","70","0.001","0.9","0.06","s&p","10","44.3","0.27140844662984215","10","10"
"Beta_layer1_perturbation_0.23_sp_0.06","finished","-","","","2025-07-04T17:42:33.000Z","17","","0.01","0.01","0.01","0.01","128","0.33","0.23","0.33","0.33","0.33","0.33","0.33","0.33","ff_fb_model","CNN","CIFAR-10","70","0.001","0.9","0.06","s&p","10","45.13","0.2723995407422384","10","10"
"Beta_layer1_perturbation_0.13_sp_0.06","finished","-","","","2025-07-04T17:42:10.000Z","16","","0.01","0.01","0.01","0.01","128","0.33","0.13","0.33","0.33","0.33","0.33","0.33","0.33","ff_fb_model","CNN","CIFAR-10","70","0.001","0.9","0.06","s&p","10","46.46","0.2695637504259745","10","10"
"Beta_layer1_perturbation_0.53_sp_0.04","finished","-","","","2025-07-04T17:41:46.000Z","17","","0.01","0.01","0.01","0.01","128","0.33","0.53","0.33","0.33","0.33","0.33","0.33","0.33","ff_fb_model","CNN","CIFAR-10","70","0.001","0.9","0.04","s&p","10","46.95","0.2747554024060567","10","10"
"Beta_layer1_perturbation_0.43_sp_0.04","finished","-","","","2025-07-04T17:41:23.000Z","16","","0.01","0.01","0.01","0.01","128","0.33","0.43","0.33","0.33","0.33","0.33","0.33","0.33","ff_fb_model","CNN","CIFAR-10","70","0.001","0.9","0.04","s&p","10","47.55","0.26896820465723675","10","10"
"Beta_layer1_perturbation_0.33_sp_0.04","finished","-","","","2025-07-04T17:40:59.000Z","16","","0.01","0.01","0.01","0.01","128","0.33","0.33","0.33","0.33","0.33","0.33","0.33","0.33","ff_fb_model","CNN","CIFAR-10","70","0.001","0.9","0.04","s&p","10","48.25","0.27024836937586466","10","10"
"Beta_layer1_perturbation_0.23_sp_0.04","finished","-","","","2025-07-04T17:40:35.000Z","16","","0.01","0.01","0.01","0.01","128","0.33","0.23","0.33","0.33","0.33","0.33","0.33","0.33","ff_fb_model","CNN","CIFAR-10","70","0.001","0.9","0.04","s&p","10","49.31","0.26993684768676757","10","10"
"Beta_layer1_perturbation_0.13_sp_0.04","finished","-","","","2025-07-04T17:40:11.000Z","17","","0.01","0.01","0.01","0.01","128","0.33","0.13","0.33","0.33","0.33","0.33","0.33","0.33","ff_fb_model","CNN","CIFAR-10","70","0.001","0.9","0.04","s&p","10","50.54","0.27530022064844767","10","10"
"Beta_layer1_perturbation_0.53_sp_0.02","finished","-","","","2025-07-04T17:39:47.000Z","16","","0.01","0.01","0.01","0.01","128","0.33","0.53","0.33","0.33","0.33","0.33","0.33","0.33","ff_fb_model","CNN","CIFAR-10","70","0.001","0.9","0.02","s&p","10","51.76","0.2695185701052348","10","10"
"Beta_layer1_perturbation_0.43_sp_0.02","finished","-","","","2025-07-04T17:39:23.000Z","16","","0.01","0.01","0.01","0.01","128","0.33","0.43","0.33","0.33","0.33","0.33","0.33","0.33","ff_fb_model","CNN","CIFAR-10","70","0.001","0.9","0.02","s&p","10","52.46","0.2688552737236023","10","10"
"Beta_layer1_perturbation_0.33_sp_0.02","finished","-","","","2025-07-04T17:38:59.000Z","17","","0.01","0.01","0.01","0.01","128","0.33","0.33","0.33","0.33","0.33","0.33","0.33","0.33","ff_fb_model","CNN","CIFAR-10","70","0.001","0.9","0.02","s&p","10","53.23","0.2719103336334229","10","10"
"Beta_layer1_perturbation_0.23_sp_0.02","finished","-","","","2025-07-04T17:38:36.000Z","16","","0.01","0.01","0.01","0.01","128","0.33","0.23","0.33","0.33","0.33","0.33","0.33","0.33","ff_fb_model","CNN","CIFAR-10","70","0.001","0.9","0.02","s&p","10","54.39","0.26998337109883624","10","10"
"Beta_layer1_perturbation_0.13_sp_0.02","finished","-","","","2025-07-04T17:38:12.000Z","17","","0.01","0.01","0.01","0.01","128","0.33","0.13","0.33","0.33","0.33","0.33","0.33","0.33","ff_fb_model","CNN","CIFAR-10","70","0.001","0.9","0.02","s&p","10","55.41","0.2758564551671346","10","10"
"Beta_layer1_perturbation_0.53_sp_0.00","finished","-","","","2025-07-04T17:37:48.000Z","17","","0.01","0.01","0.01","0.01","128","0.33","0.53","0.33","0.33","0.33","0.33","0.33","0.33","ff_fb_model","CNN","CIFAR-10","70","0.001","0.9","0","s&p","10","56.38","0.27094576756159466","10","10"
"Beta_layer1_perturbation_0.43_sp_0.00","finished","-","","","2025-07-04T17:37:24.000Z","17","","0.01","0.01","0.01","0.01","128","0.33","0.43","0.33","0.33","0.33","0.33","0.33","0.33","ff_fb_model","CNN","CIFAR-10","70","0.001","0.9","0","s&p","10","57.16","0.2696214000384013","10","10"
"Beta_layer1_perturbation_0.33_sp_0.00","finished","-","","","2025-07-04T17:37:00.000Z","17","","0.01","0.01","0.01","0.01","128","0.33","0.33","0.33","0.33","0.33","0.33","0.33","0.33","ff_fb_model","CNN","CIFAR-10","70","0.001","0.9","0","s&p","10","57.97","0.2709004282951355","10","10"
"Beta_layer1_perturbation_0.23_sp_0.00","finished","-","","","2025-07-04T17:36:36.000Z","17","","0.01","0.01","0.01","0.01","128","0.33","0.23","0.33","0.33","0.33","0.33","0.33","0.33","ff_fb_model","CNN","CIFAR-10","70","0.001","0.9","0","s&p","10","59.13","0.2699613293011983","10","10"
"Beta_layer1_perturbation_0.13_sp_0.00","finished","-","","","2025-07-04T17:36:12.000Z","17","","0.01","0.01","0.01","0.01","128","0.33","0.13","0.33","0.33","0.33","0.33","0.33","0.33","ff_fb_model","CNN","CIFAR-10","70","0.001","0.9","0","s&p","10","60.57","0.269774333635966","10","10"
"Beta_layer0_perturbation_0.53_gauss_0.80","finished","-","","","2025-07-04T17:35:48.000Z","17","","0.01","0.01","0.01","0.01","128","0.53","0.33","0.33","0.33","0.33","0.33","0.33","0.33","ff_fb_model","CNN","CIFAR-10","70","0.001","0.9","0.8","gauss","10","46.94","0.27503122488657633","10","10"
"Beta_layer0_perturbation_0.53_gauss_0.80","finished","-","","","2025-07-04T17:35:24.000Z","17","","0.01","0.01","0.01","0.01","128","0.43","0.33","0.33","0.33","0.33","0.33","0.33","0.33","ff_fb_model","CNN","CIFAR-10","70","0.001","0.9","0.8","gauss","10","47.14","0.2771519223848979","10","10"
"Beta_layer0_perturbation_0.53_gauss_0.80","finished","-","","","2025-07-04T17:34:59.000Z","17","","0.01","0.01","0.01","0.01","128","0.33","0.33","0.33","0.33","0.33","0.33","0.33","0.33","ff_fb_model","CNN","CIFAR-10","70","0.001","0.9","0.8","gauss","10","47.32","0.2746351679166158","10","10"
"Beta_layer0_perturbation_0.53_gauss_0.80","finished","-","","","2025-07-04T17:34:36.000Z","16","","0.01","0.01","0.01","0.01","128","0.23","0.33","0.33","0.33","0.33","0.33","0.33","0.33","ff_fb_model","CNN","CIFAR-10","70","0.001","0.9","0.8","gauss","10","47.6","0.27213565111160276","10","10"
"Beta_layer0_perturbation_0.53_gauss_0.80","finished","-","","","2025-07-04T17:34:12.000Z","16","","0.01","0.01","0.01","0.01","128","0.13","0.33","0.33","0.33","0.33","0.33","0.33","0.33","ff_fb_model","CNN","CIFAR-10","70","0.001","0.9","0.8","gauss","10","47.62","0.27055184841156005","10","10"
"Beta_layer0_perturbation_0.53_gauss_0.60","finished","-","","","2025-07-04T17:33:48.000Z","16","","0.01","0.01","0.01","0.01","128","0.53","0.33","0.33","0.33","0.33","0.33","0.33","0.33","ff_fb_model","CNN","CIFAR-10","70","0.001","0.9","0.6000000000000001","gauss","10","50.61","0.27248629728953044","10","10"
"Beta_layer0_perturbation_0.53_gauss_0.60","finished","-","","","2025-07-04T17:33:24.000Z","16","","0.01","0.01","0.01","0.01","128","0.43","0.33","0.33","0.33","0.33","0.33","0.33","0.33","ff_fb_model","CNN","CIFAR-10","70","0.001","0.9","0.6000000000000001","gauss","10","50.83","0.27108910083770754","10","10"
"Beta_layer0_perturbation_0.53_gauss_0.60","finished","-","","","2025-07-04T17:33:00.000Z","17","","0.01","0.01","0.01","0.01","128","0.33","0.33","0.33","0.33","0.33","0.33","0.33","0.33","ff_fb_model","CNN","CIFAR-10","70","0.001","0.9","0.6000000000000001","gauss","10","51.12","0.271408216158549","10","10"
"Beta_layer0_perturbation_0.53_gauss_0.60","finished","-","","","2025-07-04T17:32:37.000Z","16","","0.01","0.01","0.01","0.01","128","0.23","0.33","0.33","0.33","0.33","0.33","0.33","0.33","ff_fb_model","CNN","CIFAR-10","70","0.001","0.9","0.6000000000000001","gauss","10","51.54","0.27237966458002727","10","10"
"Beta_layer0_perturbation_0.53_gauss_0.60","finished","-","","","2025-07-04T17:32:13.000Z","16","","0.01","0.01","0.01","0.01","128","0.13","0.33","0.33","0.33","0.33","0.33","0.33","0.33","ff_fb_model","CNN","CIFAR-10","70","0.001","0.9","0.6000000000000001","gauss","10","51.85","0.2713423252105713","10","10"
"Beta_layer0_perturbation_0.53_gauss_0.40","finished","-","","","2025-07-04T17:31:49.000Z","17","","0.01","0.01","0.01","0.01","128","0.53","0.33","0.33","0.33","0.33","0.33","0.33","0.33","ff_fb_model","CNN","CIFAR-10","70","0.001","0.9","0.4","gauss","10","53.7","0.27545681794484456","10","10"
"Beta_layer0_perturbation_0.53_gauss_0.40","finished","-","","","2025-07-04T17:31:26.000Z","16","","0.01","0.01","0.01","0.01","128","0.43","0.33","0.33","0.33","0.33","0.33","0.33","0.33","ff_fb_model","CNN","CIFAR-10","70","0.001","0.9","0.4","gauss","10","54.18","0.2703353444735209","10","10"
"Beta_layer0_perturbation_0.53_gauss_0.40","finished","-","","","2025-07-04T17:31:02.000Z","16","","0.01","0.01","0.01","0.01","128","0.33","0.33","0.33","0.33","0.33","0.33","0.33","0.33","ff_fb_model","CNN","CIFAR-10","70","0.001","0.9","0.4","gauss","10","54.63","0.2732707659403483","10","10"
"Beta_layer0_perturbation_0.53_gauss_0.40","finished","-","","","2025-07-04T17:30:38.000Z","17","","0.01","0.01","0.01","0.01","128","0.23","0.33","0.33","0.33","0.33","0.33","0.33","0.33","ff_fb_model","CNN","CIFAR-10","70","0.001","0.9","0.4","gauss","10","55.23","0.27299596468607584","10","10"
"Beta_layer0_perturbation_0.53_gauss_0.40","finished","-","","","2025-07-04T17:30:14.000Z","17","","0.01","0.01","0.01","0.01","128","0.13","0.33","0.33","0.33","0.33","0.33","0.33","0.33","ff_fb_model","CNN","CIFAR-10","70","0.001","0.9","0.4","gauss","10","55.87","0.2727290391921997","10","10"
"Beta_layer0_perturbation_0.53_gauss_0.20","finished","-","","","2025-07-04T17:29:50.000Z","17","","0.01","0.01","0.01","0.01","128","0.53","0.33","0.33","0.33","0.33","0.33","0.33","0.33","ff_fb_model","CNN","CIFAR-10","70","0.001","0.9","0.2","gauss","10","55.87","0.27493946154912313","10","10"
"Beta_layer0_perturbation_0.53_gauss_0.20","finished","-","","","2025-07-04T17:29:26.000Z","17","","0.01","0.01","0.01","0.01","128","0.43","0.33","0.33","0.33","0.33","0.33","0.33","0.33","ff_fb_model","CNN","CIFAR-10","70","0.001","0.9","0.2","gauss","10","56.36","0.27766375144322714","10","10"
"Beta_layer0_perturbation_0.53_gauss_0.20","finished","-","","","2025-07-04T17:29:02.000Z","16","","0.01","0.01","0.01","0.01","128","0.33","0.33","0.33","0.33","0.33","0.33","0.33","0.33","ff_fb_model","CNN","CIFAR-10","70","0.001","0.9","0.2","gauss","10","57.03","0.27386139233907064","10","10"
"Beta_layer0_perturbation_0.53_gauss_0.20","finished","-","","","2025-07-04T17:28:38.000Z","16","","0.01","0.01","0.01","0.01","128","0.23","0.33","0.33","0.33","0.33","0.33","0.33","0.33","ff_fb_model","CNN","CIFAR-10","70","0.001","0.9","0.2","gauss","10","57.87","0.27266186475753784","10","10"
"Beta_layer0_perturbation_0.53_gauss_0.20","finished","-","","","2025-07-04T17:28:14.000Z","16","","0.01","0.01","0.01","0.01","128","0.13","0.33","0.33","0.33","0.33","0.33","0.33","0.33","ff_fb_model","CNN","CIFAR-10","70","0.001","0.9","0.2","gauss","10","58.6","0.27358211676279703","10","10"
"Beta_layer0_perturbation_0.53_gauss_0.00","finished","-","","","2025-07-04T17:27:50.000Z","17","","0.01","0.01","0.01","0.01","128","0.53","0.33","0.33","0.33","0.33","0.33","0.33","0.33","ff_fb_model","CNN","CIFAR-10","70","0.001","0.9","0","gauss","10","56.81","0.2698318918546041","10","10"
"Beta_layer0_perturbation_0.53_gauss_0.00","finished","-","","","2025-07-04T17:27:27.000Z","16","","0.01","0.01","0.01","0.01","128","0.43","0.33","0.33","0.33","0.33","0.33","0.33","0.33","ff_fb_model","CNN","CIFAR-10","70","0.001","0.9","0","gauss","10","57.44","0.2742443521817525","10","10"
"Beta_layer0_perturbation_0.53_gauss_0.00","finished","-","","","2025-07-04T17:27:03.000Z","16","","0.01","0.01","0.01","0.01","128","0.33","0.33","0.33","0.33","0.33","0.33","0.33","0.33","ff_fb_model","CNN","CIFAR-10","70","0.001","0.9","0","gauss","10","57.97","0.272236712773641","10","10"
"Beta_layer0_perturbation_0.53_gauss_0.00","finished","-","","","2025-07-04T17:26:38.000Z","17","","0.01","0.01","0.01","0.01","128","0.23","0.33","0.33","0.33","0.33","0.33","0.33","0.33","ff_fb_model","CNN","CIFAR-10","70","0.001","0.9","0","gauss","10","58.85","0.2749719500541687","10","10"
"Beta_layer0_perturbation_0.53_gauss_0.00","finished","-","","","2025-07-04T17:26:14.000Z","17","","0.01","0.01","0.01","0.01","128","0.13","0.33","0.33","0.33","0.33","0.33","0.33","0.33","ff_fb_model","CNN","CIFAR-10","70","0.001","0.9","0","gauss","10","59.73","0.2765100399653117","10","10"
"Beta_layer0_perturbation_0.53_sp_0.06","finished","-","","","2025-07-04T17:25:50.000Z","16","","0.01","0.01","0.01","0.01","128","0.53","0.33","0.33","0.33","0.33","0.33","0.33","0.33","ff_fb_model","CNN","CIFAR-10","70","0.001","0.9","0.06","s&p","10","44.06","0.27218207518259685","10","10"
"Beta_layer0_perturbation_0.43_sp_0.06","finished","-","","","2025-07-04T17:25:26.000Z","16","","0.01","0.01","0.01","0.01","128","0.43","0.33","0.33","0.33","0.33","0.33","0.33","0.33","ff_fb_model","CNN","CIFAR-10","70","0.001","0.9","0.06","s&p","10","44.17","0.27214651107788085","10","10"
"Beta_layer0_perturbation_0.33_sp_0.06","finished","-","","","2025-07-04T17:25:02.000Z","16","","0.01","0.01","0.01","0.01","128","0.33","0.33","0.33","0.33","0.33","0.33","0.33","0.33","ff_fb_model","CNN","CIFAR-10","70","0.001","0.9","0.06","s&p","10","44.3","0.27347901662190754","10","10"
"Beta_layer0_perturbation_0.23_sp_0.06","finished","-","","","2025-07-04T17:24:38.000Z","16","","0.01","0.01","0.01","0.01","128","0.23","0.33","0.33","0.33","0.33","0.33","0.33","0.33","ff_fb_model","CNN","CIFAR-10","70","0.001","0.9","0.06","s&p","10","44.34","0.27043095032374065","10","10"
"Beta_layer0_perturbation_0.13_sp_0.06","finished","-","","","2025-07-04T17:24:14.000Z","16","","0.01","0.01","0.01","0.01","128","0.13","0.33","0.33","0.33","0.33","0.33","0.33","0.33","ff_fb_model","CNN","CIFAR-10","70","0.001","0.9","0.06","s&p","10","44.37","0.2723459204037984","10","10"
"Beta_layer0_perturbation_0.53_sp_0.04","finished","-","","","2025-07-04T17:23:50.000Z","16","","0.01","0.01","0.01","0.01","128","0.53","0.33","0.33","0.33","0.33","0.33","0.33","0.33","ff_fb_model","CNN","CIFAR-10","70","0.001","0.9","0.04","s&p","10","47.95","0.27144250869750974","10","10"
"Beta_layer0_perturbation_0.43_sp_0.04","finished","-","","","2025-07-04T17:23:26.000Z","16","","0.01","0.01","0.01","0.01","128","0.43","0.33","0.33","0.33","0.33","0.33","0.33","0.33","ff_fb_model","CNN","CIFAR-10","70","0.001","0.9","0.04","s&p","10","48.08","0.27191844781239827","10","10"
"Beta_layer0_perturbation_0.33_sp_0.04","finished","-","","","2025-07-04T17:23:01.000Z","17","","0.01","0.01","0.01","0.01","128","0.33","0.33","0.33","0.33","0.33","0.33","0.33","0.33","ff_fb_model","CNN","CIFAR-10","70","0.001","0.9","0.04","s&p","10","48.25","0.2730662147204081","10","10"
"Beta_layer0_perturbation_0.23_sp_0.04","finished","-","","","2025-07-04T17:22:37.000Z","17","","0.01","0.01","0.01","0.01","128","0.23","0.33","0.33","0.33","0.33","0.33","0.33","0.33","ff_fb_model","CNN","CIFAR-10","70","0.001","0.9","0.04","s&p","10","48.73","0.2723859667778015","10","10"
"Beta_layer0_perturbation_0.13_sp_0.04","finished","-","","","2025-07-04T17:22:13.000Z","17","","0.01","0.01","0.01","0.01","128","0.13","0.33","0.33","0.33","0.33","0.33","0.33","0.33","ff_fb_model","CNN","CIFAR-10","70","0.001","0.9","0.04","s&p","10","48.75","0.2721741755803426","10","10"
"Beta_layer0_perturbation_0.53_sp_0.02","finished","-","","","2025-07-04T17:21:49.000Z","16","","0.01","0.01","0.01","0.01","128","0.53","0.33","0.33","0.33","0.33","0.33","0.33","0.33","ff_fb_model","CNN","CIFAR-10","70","0.001","0.9","0.02","s&p","10","52.51","0.2725170771280924","10","10"
"Beta_layer0_perturbation_0.43_sp_0.02","finished","-","","","2025-07-04T17:21:25.000Z","16","","0.01","0.01","0.01","0.01","128","0.43","0.33","0.33","0.33","0.33","0.33","0.33","0.33","ff_fb_model","CNN","CIFAR-10","70","0.001","0.9","0.02","s&p","10","52.78","0.270578130086263","10","10"
"Beta_layer0_perturbation_0.33_sp_0.02","finished","-","","","2025-07-04T17:21:01.000Z","16","","0.01","0.01","0.01","0.01","128","0.33","0.33","0.33","0.33","0.33","0.33","0.33","0.33","ff_fb_model","CNN","CIFAR-10","70","0.001","0.9","0.02","s&p","10","53.23","0.2748101035753886","10","10"
"Beta_layer0_perturbation_0.23_sp_0.02","finished","-","","","2025-07-04T17:20:37.000Z","16","","0.01","0.01","0.01","0.01","128","0.23","0.33","0.33","0.33","0.33","0.33","0.33","0.33","ff_fb_model","CNN","CIFAR-10","70","0.001","0.9","0.02","s&p","10","53.97","0.2733881076176961","10","10"
"Beta_layer0_perturbation_0.13_sp_0.02","finished","-","","","2025-07-04T17:20:13.000Z","17","","0.01","0.01","0.01","0.01","128","0.13","0.33","0.33","0.33","0.33","0.33","0.33","0.33","ff_fb_model","CNN","CIFAR-10","70","0.001","0.9","0.02","s&p","10","54.32","0.2692421793937683","10","10"
"Beta_layer0_perturbation_0.53_sp_0.00","finished","-","","","2025-07-04T17:19:50.000Z","16","","0.01","0.01","0.01","0.01","128","0.53","0.33","0.33","0.33","0.33","0.33","0.33","0.33","ff_fb_model","CNN","CIFAR-10","70","0.001","0.9","0","s&p","10","56.81","0.2694849928220113","10","10"
"Beta_layer0_perturbation_0.43_sp_0.00","finished","-","","","2025-07-04T17:19:26.000Z","16","","0.01","0.01","0.01","0.01","128","0.43","0.33","0.33","0.33","0.33","0.33","0.33","0.33","ff_fb_model","CNN","CIFAR-10","70","0.001","0.9","0","s&p","10","57.44","0.27148872216542563","10","10"
"Beta_layer0_perturbation_0.33_sp_0.00","finished","-","","","2025-07-04T17:19:02.000Z","16","","0.01","0.01","0.01","0.01","128","0.33","0.33","0.33","0.33","0.33","0.33","0.33","0.33","ff_fb_model","CNN","CIFAR-10","70","0.001","0.9","0","s&p","10","57.97","0.2720929821332296","10","10"
"Beta_layer0_perturbation_0.23_sp_0.00","finished","-","","","2025-07-04T17:18:38.000Z","17","","0.01","0.01","0.01","0.01","128","0.23","0.33","0.33","0.33","0.33","0.33","0.33","0.33","ff_fb_model","CNN","CIFAR-10","70","0.001","0.9","0","s&p","10","58.85","0.2706426779429118","10","10"
"Beta_layer0_perturbation_0.13_sp_0.00","finished","-","","","2025-07-04T17:18:15.000Z","16","","0.01","0.01","0.01","0.01","128","0.13","0.33","0.33","0.33","0.33","0.33","0.33","0.33","ff_fb_model","CNN","CIFAR-10","70","0.001","0.9","0","s&p","10","59.73","0.26971524159113563","10","10"
"Gamma_layer_3_perturbation_0.53_gauss_0.80","finished","-","","","2025-07-04T17:17:51.000Z","17","","0.01","0.01","0.01","0.01","128","0.33","0.33","0.33","0.33","0.33","0.33","0.33","0.53","ff_fb_model","CNN","CIFAR-10","70","0.001","0.9","0.8","gauss","10","45.77","0.27201785643895465","10","10"
"Gamma_layer_3_perturbation_0.43_gauss_0.80","finished","-","","","2025-07-04T17:17:27.000Z","17","","0.01","0.01","0.01","0.01","128","0.33","0.33","0.33","0.33","0.33","0.33","0.33","0.43","ff_fb_model","CNN","CIFAR-10","70","0.001","0.9","0.8","gauss","10","46.49","0.2790088971455892","10","10"
"Gamma_layer_3_perturbation_0.33_gauss_0.80","finished","-","","","2025-07-04T17:17:03.000Z","16","","0.01","0.01","0.01","0.01","128","0.33","0.33","0.33","0.33","0.33","0.33","0.33","0.33","ff_fb_model","CNN","CIFAR-10","70","0.001","0.9","0.8","gauss","10","47.32","0.27377349535624185","10","10"
"Gamma_layer_3_perturbation_0.23_gauss_0.80","finished","-","","","2025-07-04T17:16:39.000Z","16","","0.01","0.01","0.01","0.01","128","0.33","0.33","0.33","0.33","0.33","0.33","0.33","0.23","ff_fb_model","CNN","CIFAR-10","70","0.001","0.9","0.8","gauss","10","48.54","0.2746397058169047","10","10"
"Gamma_layer_3_perturbation_0.13_gauss_0.80","finished","-","","","2025-07-04T17:16:14.000Z","17","","0.01","0.01","0.01","0.01","128","0.33","0.33","0.33","0.33","0.33","0.33","0.33","0.13","ff_fb_model","CNN","CIFAR-10","70","0.001","0.9","0.8","gauss","10","49.67","0.2743786891301473","10","10"
"Gamma_layer_3_perturbation_0.53_gauss_0.60","finished","-","","","2025-07-04T17:15:51.000Z","16","","0.01","0.01","0.01","0.01","128","0.33","0.33","0.33","0.33","0.33","0.33","0.33","0.53","ff_fb_model","CNN","CIFAR-10","70","0.001","0.9","0.6000000000000001","gauss","10","49.12","0.27048749923706056","10","10"
"Gamma_layer_3_perturbation_0.43_gauss_0.60","finished","-","","","2025-07-04T17:15:27.000Z","17","","0.01","0.01","0.01","0.01","128","0.33","0.33","0.33","0.33","0.33","0.33","0.33","0.43","ff_fb_model","CNN","CIFAR-10","70","0.001","0.9","0.6000000000000001","gauss","10","50.02","0.2720339894294739","10","10"
"Gamma_layer_3_perturbation_0.33_gauss_0.60","finished","-","","","2025-07-04T17:15:03.000Z","17","","0.01","0.01","0.01","0.01","128","0.33","0.33","0.33","0.33","0.33","0.33","0.33","0.33","ff_fb_model","CNN","CIFAR-10","70","0.001","0.9","0.6000000000000001","gauss","10","51.12","0.2750302354494731","10","10"
"Gamma_layer_3_perturbation_0.23_gauss_0.60","finished","-","","","2025-07-04T17:14:39.000Z","17","","0.01","0.01","0.01","0.01","128","0.33","0.33","0.33","0.33","0.33","0.33","0.33","0.23","ff_fb_model","CNN","CIFAR-10","70","0.001","0.9","0.6000000000000001","gauss","10","53.03","0.2741315523783366","10","10"
"Gamma_layer_3_perturbation_0.13_gauss_0.60","finished","-","","","2025-07-04T17:14:15.000Z","17","","0.01","0.01","0.01","0.01","128","0.33","0.33","0.33","0.33","0.33","0.33","0.33","0.13","ff_fb_model","CNN","CIFAR-10","70","0.001","0.9","0.6000000000000001","gauss","10","54.77","0.2724155902862549","10","10"
"Gamma_layer_3_perturbation_0.53_gauss_0.40","finished","-","","","2025-07-04T17:13:51.000Z","17","","0.01","0.01","0.01","0.01","128","0.33","0.33","0.33","0.33","0.33","0.33","0.33","0.53","ff_fb_model","CNN","CIFAR-10","70","0.001","0.9","0.4","gauss","10","52.22","0.273586372534434","10","10"
"Gamma_layer_3_perturbation_0.43_gauss_0.40","finished","-","","","2025-07-04T17:13:28.000Z","16","","0.01","0.01","0.01","0.01","128","0.33","0.33","0.33","0.33","0.33","0.33","0.33","0.43","ff_fb_model","CNN","CIFAR-10","70","0.001","0.9","0.4","gauss","10","53.18","0.2710502028465271","10","10"
"Gamma_layer_3_perturbation_0.33_gauss_0.40","finished","-","","","2025-07-04T17:13:04.000Z","16","","0.01","0.01","0.01","0.01","128","0.33","0.33","0.33","0.33","0.33","0.33","0.33","0.33","ff_fb_model","CNN","CIFAR-10","70","0.001","0.9","0.4","gauss","10","54.63","0.27297048568725585","10","10"
"Gamma_layer_3_perturbation_0.23_gauss_0.40","finished","-","","","2025-07-04T17:12:40.000Z","16","","0.01","0.01","0.01","0.01","128","0.33","0.33","0.33","0.33","0.33","0.33","0.33","0.23","ff_fb_model","CNN","CIFAR-10","70","0.001","0.9","0.4","gauss","10","56.75","0.272006889184316","10","10"
"Gamma_layer_3_perturbation_0.13_gauss_0.40","finished","-","","","2025-07-04T17:12:16.000Z","17","","0.01","0.01","0.01","0.01","128","0.33","0.33","0.33","0.33","0.33","0.33","0.33","0.13","ff_fb_model","CNN","CIFAR-10","70","0.001","0.9","0.4","gauss","10","59.13","0.27461512088775636","10","10"
"Gamma_layer_3_perturbation_0.53_gauss_0.20","finished","-","","","2025-07-04T17:11:52.000Z","17","","0.01","0.01","0.01","0.01","128","0.33","0.33","0.33","0.33","0.33","0.33","0.33","0.53","ff_fb_model","CNN","CIFAR-10","70","0.001","0.9","0.2","gauss","10","54.36","0.27043129205703736","10","10"
"Gamma_layer_3_perturbation_0.43_gauss_0.20","finished","-","","","2025-07-04T17:11:28.000Z","17","","0.01","0.01","0.01","0.01","128","0.33","0.33","0.33","0.33","0.33","0.33","0.33","0.43","ff_fb_model","CNN","CIFAR-10","70","0.001","0.9","0.2","gauss","10","55.51","0.2729096055030823","10","10"
"Gamma_layer_3_perturbation_0.33_gauss_0.20","finished","-","","","2025-07-04T17:11:04.000Z","17","","0.01","0.01","0.01","0.01","128","0.33","0.33","0.33","0.33","0.33","0.33","0.33","0.33","ff_fb_model","CNN","CIFAR-10","70","0.001","0.9","0.2","gauss","10","57.03","0.2766451597213745","10","10"
"Gamma_layer_3_perturbation_0.23_gauss_0.20","finished","-","","","2025-07-04T17:10:40.000Z","17","","0.01","0.01","0.01","0.01","128","0.33","0.33","0.33","0.33","0.33","0.33","0.33","0.23","ff_fb_model","CNN","CIFAR-10","70","0.001","0.9","0.2","gauss","10","59.36","0.2783946593602498","10","10"
"Gamma_layer_3_perturbation_0.13_gauss_0.20","finished","-","","","2025-07-04T17:10:15.000Z","18","","0.01","0.01","0.01","0.01","128","0.33","0.33","0.33","0.33","0.33","0.33","0.33","0.13","ff_fb_model","CNN","CIFAR-10","70","0.001","0.9","0.2","gauss","10","62.02","0.2973241766293844","10","10"
"Gamma_layer_3_perturbation_0.53_gauss_0.00","finished","-","","","2025-07-04T17:09:49.000Z","18","","0.01","0.01","0.01","0.01","128","0.33","0.33","0.33","0.33","0.33","0.33","0.33","0.53","ff_fb_model","CNN","CIFAR-10","70","0.001","0.9","0","gauss","10","54.94","0.2959389289220174","10","10"
"Gamma_layer_3_perturbation_0.43_gauss_0.00","finished","-","","","2025-07-04T17:09:26.000Z","16","","0.01","0.01","0.01","0.01","128","0.33","0.33","0.33","0.33","0.33","0.33","0.33","0.43","ff_fb_model","CNN","CIFAR-10","70","0.001","0.9","0","gauss","10","56.29","0.27330801884333294","10","10"
"Gamma_layer_3_perturbation_0.33_gauss_0.00","finished","-","","","2025-07-04T17:09:01.000Z","17","","0.01","0.01","0.01","0.01","128","0.33","0.33","0.33","0.33","0.33","0.33","0.33","0.33","ff_fb_model","CNN","CIFAR-10","70","0.001","0.9","0","gauss","10","57.97","0.29511479536692303","10","10"
"Gamma_layer_3_perturbation_0.23_gauss_0.00","finished","-","","","2025-07-04T17:08:37.000Z","16","","0.01","0.01","0.01","0.01","128","0.33","0.33","0.33","0.33","0.33","0.33","0.33","0.23","ff_fb_model","CNN","CIFAR-10","70","0.001","0.9","0","gauss","10","60.37","0.27558920383453367","10","10"
"Gamma_layer_3_perturbation_0.13_gauss_0.00","finished","-","","","2025-07-04T17:08:13.000Z","16","","0.01","0.01","0.01","0.01","128","0.33","0.33","0.33","0.33","0.33","0.33","0.33","0.13","ff_fb_model","CNN","CIFAR-10","70","0.001","0.9","0","gauss","10","63.18","0.2750165303548177","10","10"
"Gamma_layer_3_perturbation_0.53_sp_0.06","finished","-","","","2025-07-04T17:07:49.000Z","16","","0.01","0.01","0.01","0.01","128","0.33","0.33","0.33","0.33","0.33","0.33","0.33","0.53","ff_fb_model","CNN","CIFAR-10","70","0.001","0.9","0.06","s&p","10","42.74","0.26975440184275307","10","10"
"Gamma_layer_3_perturbation_0.43_sp_0.06","finished","-","","","2025-07-04T17:07:25.000Z","17","","0.01","0.01","0.01","0.01","128","0.33","0.33","0.33","0.33","0.33","0.33","0.33","0.43","ff_fb_model","CNN","CIFAR-10","70","0.001","0.9","0.06","s&p","10","43.31","0.27603974342346194","10","10"
"Gamma_layer_3_perturbation_0.33_sp_0.06","finished","-","","","2025-07-04T17:07:01.000Z","17","","0.01","0.01","0.01","0.01","128","0.33","0.33","0.33","0.33","0.33","0.33","0.33","0.33","ff_fb_model","CNN","CIFAR-10","70","0.001","0.9","0.06","s&p","10","44.3","0.2750111778577169","10","10"
"Gamma_layer_3_perturbation_0.23_sp_0.06","finished","-","","","2025-07-04T17:06:37.000Z","17","","0.01","0.01","0.01","0.01","128","0.33","0.33","0.33","0.33","0.33","0.33","0.33","0.23","ff_fb_model","CNN","CIFAR-10","70","0.001","0.9","0.06","s&p","10","45.68","0.28275240659713746","10","10"
"Gamma_layer_3_perturbation_0.13_sp_0.06","finished","-","","","2025-07-04T17:06:13.000Z","16","","0.01","0.01","0.01","0.01","128","0.33","0.33","0.33","0.33","0.33","0.33","0.33","0.13","ff_fb_model","CNN","CIFAR-10","70","0.001","0.9","0.06","s&p","10","47.5","0.27187458276748655","10","10"
"Gamma_layer_3_perturbation_0.53_sp_0.04","finished","-","","","2025-07-04T17:05:49.000Z","17","","0.01","0.01","0.01","0.01","128","0.33","0.33","0.33","0.33","0.33","0.33","0.33","0.53","ff_fb_model","CNN","CIFAR-10","70","0.001","0.9","0.04","s&p","10","46.29","0.27323419650395714","10","10"
"Gamma_layer_3_perturbation_0.43_sp_0.04","finished","-","","","2025-07-04T17:05:25.000Z","17","","0.01","0.01","0.01","0.01","128","0.33","0.33","0.33","0.33","0.33","0.33","0.33","0.43","ff_fb_model","CNN","CIFAR-10","70","0.001","0.9","0.04","s&p","10","47.27","0.2704361001650492","10","10"
"Gamma_layer_3_perturbation_0.33_sp_0.04","finished","-","","","2025-07-04T17:05:01.000Z","17","","0.01","0.01","0.01","0.01","128","0.33","0.33","0.33","0.33","0.33","0.33","0.33","0.33","ff_fb_model","CNN","CIFAR-10","70","0.001","0.9","0.04","s&p","10","48.25","0.27635353803634644","10","10"
"Gamma_layer_3_perturbation_0.23_sp_0.04","finished","-","","","2025-07-04T17:04:38.000Z","16","","0.01","0.01","0.01","0.01","128","0.33","0.33","0.33","0.33","0.33","0.33","0.33","0.23","ff_fb_model","CNN","CIFAR-10","70","0.001","0.9","0.04","s&p","10","49.78","0.2709049661954244","10","10"
"Gamma_layer_3_perturbation_0.13_sp_0.04","finished","-","","","2025-07-04T17:04:14.000Z","16","","0.01","0.01","0.01","0.01","128","0.33","0.33","0.33","0.33","0.33","0.33","0.33","0.13","ff_fb_model","CNN","CIFAR-10","70","0.001","0.9","0.04","s&p","10","52.06","0.27545872926712034","10","10"
"Gamma_layer_3_perturbation_0.53_sp_0.02","finished","-","","","2025-07-04T17:03:50.000Z","16","","0.01","0.01","0.01","0.01","128","0.33","0.33","0.33","0.33","0.33","0.33","0.33","0.53","ff_fb_model","CNN","CIFAR-10","70","0.001","0.9","0.02","s&p","10","50.76","0.27256813446680705","10","10"
"Gamma_layer_3_perturbation_0.43_sp_0.02","finished","-","","","2025-07-04T17:03:26.000Z","17","","0.01","0.01","0.01","0.01","128","0.33","0.33","0.33","0.33","0.33","0.33","0.33","0.43","ff_fb_model","CNN","CIFAR-10","70","0.001","0.9","0.02","s&p","10","51.73","0.27357983589172363","10","10"
"Gamma_layer_3_perturbation_0.33_sp_0.02","finished","-","","","2025-07-04T17:03:02.000Z","17","","0.01","0.01","0.01","0.01","128","0.33","0.33","0.33","0.33","0.33","0.33","0.33","0.33","ff_fb_model","CNN","CIFAR-10","70","0.001","0.9","0.02","s&p","10","53.23","0.2728569706281026","10","10"
"Gamma_layer_3_perturbation_0.23_sp_0.02","finished","-","","","2025-07-04T17:02:38.000Z","17","","0.01","0.01","0.01","0.01","128","0.33","0.33","0.33","0.33","0.33","0.33","0.33","0.23","ff_fb_model","CNN","CIFAR-10","70","0.001","0.9","0.02","s&p","10","55.23","0.27112106084823606","10","10"
"Gamma_layer_3_perturbation_0.13_sp_0.02","finished","-","","","2025-07-04T17:02:14.000Z","16","","0.01","0.01","0.01","0.01","128","0.33","0.33","0.33","0.33","0.33","0.33","0.33","0.13","ff_fb_model","CNN","CIFAR-10","70","0.001","0.9","0.02","s&p","10","57.43","0.2720185081164042","10","10"
"Gamma_layer_3_perturbation_0.53_sp_0.00","finished","-","","","2025-07-04T17:01:50.000Z","16","","0.01","0.01","0.01","0.01","128","0.33","0.33","0.33","0.33","0.33","0.33","0.33","0.53","ff_fb_model","CNN","CIFAR-10","70","0.001","0.9","0","s&p","10","54.94","0.2709734876950582","10","10"
"Gamma_layer_3_perturbation_0.43_sp_0.00","finished","-","","","2025-07-04T17:01:26.000Z","16","","0.01","0.01","0.01","0.01","128","0.33","0.33","0.33","0.33","0.33","0.33","0.33","0.43","ff_fb_model","CNN","CIFAR-10","70","0.001","0.9","0","s&p","10","56.29","0.27310248215993244","10","10"
"Gamma_layer_3_perturbation_0.33_sp_0.00","finished","-","","","2025-07-04T17:01:02.000Z","16","","0.01","0.01","0.01","0.01","128","0.33","0.33","0.33","0.33","0.33","0.33","0.33","0.33","ff_fb_model","CNN","CIFAR-10","70","0.001","0.9","0","s&p","10","57.97","0.2690243800481161","10","10"
"Gamma_layer_3_perturbation_0.23_sp_0.00","finished","-","","","2025-07-04T17:00:37.000Z","17","","0.01","0.01","0.01","0.01","128","0.33","0.33","0.33","0.33","0.33","0.33","0.33","0.23","ff_fb_model","CNN","CIFAR-10","70","0.001","0.9","0","s&p","10","60.37","0.2716179807980855","10","10"
"Gamma_layer_3_perturbation_0.13_sp_0.00","finished","-","","","2025-07-04T17:00:13.000Z","17","","0.01","0.01","0.01","0.01","128","0.33","0.33","0.33","0.33","0.33","0.33","0.33","0.13","ff_fb_model","CNN","CIFAR-10","70","0.001","0.9","0","s&p","10","63.18","0.27049874464670814","10","10"
"Gamma_layer_2_perturbation_0.53_gauss_0.80","finished","-","","","2025-07-04T16:59:49.000Z","17","","0.01","0.01","0.01","0.01","128","0.33","0.33","0.33","0.33","0.33","0.33","0.53","0.33","ff_fb_model","CNN","CIFAR-10","70","0.001","0.9","0.8","gauss","10","47.9","0.2747566938400269","10","10"
"Gamma_layer_2_perturbation_0.43_gauss_0.80","finished","-","","","2025-07-04T16:59:26.000Z","16","","0.01","0.01","0.01","0.01","128","0.33","0.33","0.33","0.33","0.33","0.33","0.43","0.33","ff_fb_model","CNN","CIFAR-10","70","0.001","0.9","0.8","gauss","10","47.73","0.27419179677963257","10","10"
"Gamma_layer_2_perturbation_0.33_gauss_0.80","finished","-","","","2025-07-04T16:59:02.000Z","16","","0.01","0.01","0.01","0.01","128","0.33","0.33","0.33","0.33","0.33","0.33","0.33","0.33","ff_fb_model","CNN","CIFAR-10","70","0.001","0.9","0.8","gauss","10","47.32","0.2733256975809733","10","10"
"Gamma_layer_2_perturbation_0.23_gauss_0.80","finished","-","","","2025-07-04T16:58:38.000Z","16","","0.01","0.01","0.01","0.01","128","0.33","0.33","0.33","0.33","0.33","0.33","0.23","0.33","ff_fb_model","CNN","CIFAR-10","70","0.001","0.9","0.8","gauss","10","46.82","0.2744754393895467","10","10"
"Gamma_layer_2_perturbation_0.13_gauss_0.80","finished","-","","","2025-07-04T16:58:14.000Z","16","","0.01","0.01","0.01","0.01","128","0.33","0.33","0.33","0.33","0.33","0.33","0.13","0.33","ff_fb_model","CNN","CIFAR-10","70","0.001","0.9","0.8","gauss","10","46.24","0.27436303297678627","10","10"
"Gamma_layer_2_perturbation_0.53_gauss_0.60","finished","-","","","2025-07-04T16:57:50.000Z","17","","0.01","0.01","0.01","0.01","128","0.33","0.33","0.33","0.33","0.33","0.33","0.53","0.33","ff_fb_model","CNN","CIFAR-10","70","0.001","0.9","0.6000000000000001","gauss","10","51.41","0.2725573698679606","10","10"
"Gamma_layer_2_perturbation_0.43_gauss_0.60","finished","-","","","2025-07-04T16:57:26.000Z","17","","0.01","0.01","0.01","0.01","128","0.33","0.33","0.33","0.33","0.33","0.33","0.43","0.33","ff_fb_model","CNN","CIFAR-10","70","0.001","0.9","0.6000000000000001","gauss","10","51.44","0.27498961687088014","10","10"
"Gamma_layer_2_perturbation_0.33_gauss_0.60","finished","-","","","2025-07-04T16:57:03.000Z","16","","0.01","0.01","0.01","0.01","128","0.33","0.33","0.33","0.33","0.33","0.33","0.33","0.33","ff_fb_model","CNN","CIFAR-10","70","0.001","0.9","0.6000000000000001","gauss","10","51.12","0.27109971443812053","10","10"
"Gamma_layer_2_perturbation_0.23_gauss_0.60","finished","-","","","2025-07-04T16:56:39.000Z","16","","0.01","0.01","0.01","0.01","128","0.33","0.33","0.33","0.33","0.33","0.33","0.23","0.33","ff_fb_model","CNN","CIFAR-10","70","0.001","0.9","0.6000000000000001","gauss","10","50.7","0.27343499660491943","10","10"
"Gamma_layer_2_perturbation_0.13_gauss_0.60","finished","-","","","2025-07-04T16:56:15.000Z","16","","0.01","0.01","0.01","0.01","128","0.33","0.33","0.33","0.33","0.33","0.33","0.13","0.33","ff_fb_model","CNN","CIFAR-10","70","0.001","0.9","0.6000000000000001","gauss","10","50.4","0.27712603012720743","10","10"
"Gamma_layer_2_perturbation_0.53_gauss_0.40","finished","-","","","2025-07-04T16:55:50.000Z","17","","0.01","0.01","0.01","0.01","128","0.33","0.33","0.33","0.33","0.33","0.33","0.53","0.33","ff_fb_model","CNN","CIFAR-10","70","0.001","0.9","0.4","gauss","10","54.74","0.27530679702758787","10","10"
"Gamma_layer_2_perturbation_0.43_gauss_0.40","finished","-","","","2025-07-04T16:55:27.000Z","16","","0.01","0.01","0.01","0.01","128","0.33","0.33","0.33","0.33","0.33","0.33","0.43","0.33","ff_fb_model","CNN","CIFAR-10","70","0.001","0.9","0.4","gauss","10","54.54","0.2726482629776001","10","10"
"Gamma_layer_2_perturbation_0.33_gauss_0.40","finished","-","","","2025-07-04T16:55:02.000Z","17","","0.01","0.01","0.01","0.01","128","0.33","0.33","0.33","0.33","0.33","0.33","0.33","0.33","ff_fb_model","CNN","CIFAR-10","70","0.001","0.9","0.4","gauss","10","54.63","0.27787752548853556","10","10"
"Gamma_layer_2_perturbation_0.23_gauss_0.40","finished","-","","","2025-07-04T16:54:38.000Z","17","","0.01","0.01","0.01","0.01","128","0.33","0.33","0.33","0.33","0.33","0.33","0.23","0.33","ff_fb_model","CNN","CIFAR-10","70","0.001","0.9","0.4","gauss","10","54.59","0.27182822624842323","10","10"
"Gamma_layer_2_perturbation_0.13_gauss_0.40","finished","-","","","2025-07-04T16:54:14.000Z","17","","0.01","0.01","0.01","0.01","128","0.33","0.33","0.33","0.33","0.33","0.33","0.13","0.33","ff_fb_model","CNN","CIFAR-10","70","0.001","0.9","0.4","gauss","10","54.24","0.2746472398440043","10","10"
"Gamma_layer_2_perturbation_0.53_gauss_0.20","finished","-","","","2025-07-04T16:53:50.000Z","17","","0.01","0.01","0.01","0.01","128","0.33","0.33","0.33","0.33","0.33","0.33","0.53","0.33","ff_fb_model","CNN","CIFAR-10","70","0.001","0.9","0.2","gauss","10","56.64","0.27466022173563637","10","10"
"Gamma_layer_2_perturbation_0.43_gauss_0.20","finished","-","","","2025-07-04T16:53:26.000Z","17","","0.01","0.01","0.01","0.01","128","0.33","0.33","0.33","0.33","0.33","0.33","0.43","0.33","ff_fb_model","CNN","CIFAR-10","70","0.001","0.9","0.2","gauss","10","56.85","0.2743538022041321","10","10"
"Gamma_layer_2_perturbation_0.33_gauss_0.20","finished","-","","","2025-07-04T16:53:02.000Z","17","","0.01","0.01","0.01","0.01","128","0.33","0.33","0.33","0.33","0.33","0.33","0.33","0.33","ff_fb_model","CNN","CIFAR-10","70","0.001","0.9","0.2","gauss","10","57.03","0.27183121840159097","10","10"
"Gamma_layer_2_perturbation_0.23_gauss_0.20","finished","-","","","2025-07-04T16:52:39.000Z","16","","0.01","0.01","0.01","0.01","128","0.33","0.33","0.33","0.33","0.33","0.33","0.23","0.33","ff_fb_model","CNN","CIFAR-10","70","0.001","0.9","0.2","gauss","10","57.39","0.27258162101109823","10","10"
"Gamma_layer_2_perturbation_0.13_gauss_0.20","finished","-","","","2025-07-04T16:52:14.000Z","17","","0.01","0.01","0.01","0.01","128","0.33","0.33","0.33","0.33","0.33","0.33","0.13","0.33","ff_fb_model","CNN","CIFAR-10","70","0.001","0.9","0.2","gauss","10","56.97","0.277594780921936","10","10"
"Gamma_layer_2_perturbation_0.53_gauss_0.00","finished","-","","","2025-07-04T16:51:50.000Z","17","","0.01","0.01","0.01","0.01","128","0.33","0.33","0.33","0.33","0.33","0.33","0.53","0.33","ff_fb_model","CNN","CIFAR-10","70","0.001","0.9","0","gauss","10","57.83","0.28115773598353067","10","10"
"Gamma_layer_2_perturbation_0.43_gauss_0.00","finished","-","","","2025-07-04T16:51:26.000Z","17","","0.01","0.01","0.01","0.01","128","0.33","0.33","0.33","0.33","0.33","0.33","0.43","0.33","ff_fb_model","CNN","CIFAR-10","70","0.001","0.9","0","gauss","10","57.91","0.2756519436836243","10","10"
"Gamma_layer_2_perturbation_0.33_gauss_0.00","finished","-","","","2025-07-04T16:51:01.000Z","17","","0.01","0.01","0.01","0.01","128","0.33","0.33","0.33","0.33","0.33","0.33","0.33","0.33","ff_fb_model","CNN","CIFAR-10","70","0.001","0.9","0","gauss","10","57.97","0.27843398253122964","10","10"
"Gamma_layer_2_perturbation_0.23_gauss_0.00","finished","-","","","2025-07-04T16:50:37.000Z","17","","0.01","0.01","0.01","0.01","128","0.33","0.33","0.33","0.33","0.33","0.33","0.23","0.33","ff_fb_model","CNN","CIFAR-10","70","0.001","0.9","0","gauss","10","58.23","0.27444294691085813","10","10"
"Gamma_layer_2_perturbation_0.13_gauss_0.00","finished","-","","","2025-07-04T16:50:13.000Z","16","","0.01","0.01","0.01","0.01","128","0.33","0.33","0.33","0.33","0.33","0.33","0.13","0.33","ff_fb_model","CNN","CIFAR-10","70","0.001","0.9","0","gauss","10","58.03","0.27152652740478517","10","10"
"Gamma_layer_2_perturbation_0.53_sp_0.06","finished","-","","","2025-07-04T16:49:49.000Z","16","","0.01","0.01","0.01","0.01","128","0.33","0.33","0.33","0.33","0.33","0.33","0.53","0.33","ff_fb_model","CNN","CIFAR-10","70","0.001","0.9","0.06","s&p","10","45.7","0.27329084475835164","10","10"
"Gamma_layer_2_perturbation_0.43_sp_0.06","finished","-","","","2025-07-04T16:49:25.000Z","16","","0.01","0.01","0.01","0.01","128","0.33","0.33","0.33","0.33","0.33","0.33","0.43","0.33","ff_fb_model","CNN","CIFAR-10","70","0.001","0.9","0.06","s&p","10","45.1","0.2741942564646403","10","10"
"Gamma_layer_2_perturbation_0.33_sp_0.06","finished","-","","","2025-07-04T16:49:01.000Z","16","","0.01","0.01","0.01","0.01","128","0.33","0.33","0.33","0.33","0.33","0.33","0.33","0.33","ff_fb_model","CNN","CIFAR-10","70","0.001","0.9","0.06","s&p","10","44.3","0.2722080071767171","10","10"
"Gamma_layer_2_perturbation_0.23_sp_0.06","finished","-","","","2025-07-04T16:48:37.000Z","16","","0.01","0.01","0.01","0.01","128","0.33","0.33","0.33","0.33","0.33","0.33","0.23","0.33","ff_fb_model","CNN","CIFAR-10","70","0.001","0.9","0.06","s&p","10","43.46","0.2701918522516886","10","10"
"Gamma_layer_2_perturbation_0.13_sp_0.06","finished","-","","","2025-07-04T16:48:13.000Z","17","","0.01","0.01","0.01","0.01","128","0.33","0.33","0.33","0.33","0.33","0.33","0.13","0.33","ff_fb_model","CNN","CIFAR-10","70","0.001","0.9","0.06","s&p","10","42.47","0.2704596757888794","10","10"
"Gamma_layer_2_perturbation_0.53_sp_0.04","finished","-","","","2025-07-04T16:47:50.000Z","16","","0.01","0.01","0.01","0.01","128","0.33","0.33","0.33","0.33","0.33","0.33","0.53","0.33","ff_fb_model","CNN","CIFAR-10","70","0.001","0.9","0.04","s&p","10","49.03","0.2708519220352173","10","10"
"Gamma_layer_2_perturbation_0.43_sp_0.04","finished","-","","","2025-07-04T16:47:26.000Z","16","","0.01","0.01","0.01","0.01","128","0.33","0.33","0.33","0.33","0.33","0.33","0.43","0.33","ff_fb_model","CNN","CIFAR-10","70","0.001","0.9","0.04","s&p","10","48.65","0.26953704754511515","10","10"
"Gamma_layer_2_perturbation_0.33_sp_0.04","finished","-","","","2025-07-04T16:47:02.000Z","16","","0.01","0.01","0.01","0.01","128","0.33","0.33","0.33","0.33","0.33","0.33","0.33","0.33","ff_fb_model","CNN","CIFAR-10","70","0.001","0.9","0.04","s&p","10","48.25","0.27081751823425293","10","10"
"Gamma_layer_2_perturbation_0.23_sp_0.04","finished","-","","","2025-07-04T16:46:39.000Z","16","","0.01","0.01","0.01","0.01","128","0.33","0.33","0.33","0.33","0.33","0.33","0.23","0.33","ff_fb_model","CNN","CIFAR-10","70","0.001","0.9","0.04","s&p","10","47.68","0.26895294189453123","10","10"
"Gamma_layer_2_perturbation_0.13_sp_0.04","finished","-","","","2025-07-04T16:46:15.000Z","16","","0.01","0.01","0.01","0.01","128","0.33","0.33","0.33","0.33","0.33","0.33","0.13","0.33","ff_fb_model","CNN","CIFAR-10","70","0.001","0.9","0.04","s&p","10","46.57","0.2728113810221354","10","10"
"Gamma_layer_2_perturbation_0.53_sp_0.02","finished","-","","","2025-07-04T16:45:51.000Z","17","","0.01","0.01","0.01","0.01","128","0.33","0.33","0.33","0.33","0.33","0.33","0.53","0.33","ff_fb_model","CNN","CIFAR-10","70","0.001","0.9","0.02","s&p","10","53.47","0.2707454085350037","10","10"
"Gamma_layer_2_perturbation_0.43_sp_0.02","finished","-","","","2025-07-04T16:45:28.000Z","16","","0.01","0.01","0.01","0.01","128","0.33","0.33","0.33","0.33","0.33","0.33","0.43","0.33","ff_fb_model","CNN","CIFAR-10","70","0.001","0.9","0.02","s&p","10","53.39","0.2701362212498983","10","10"
"Gamma_layer_2_perturbation_0.33_sp_0.02","finished","-","","","2025-07-04T16:45:04.000Z","16","","0.01","0.01","0.01","0.01","128","0.33","0.33","0.33","0.33","0.33","0.33","0.33","0.33","ff_fb_model","CNN","CIFAR-10","70","0.001","0.9","0.02","s&p","10","53.23","0.2716308832168579","10","10"
"Gamma_layer_2_perturbation_0.23_sp_0.02","finished","-","","","2025-07-04T16:44:40.000Z","17","","0.01","0.01","0.01","0.01","128","0.33","0.33","0.33","0.33","0.33","0.33","0.23","0.33","ff_fb_model","CNN","CIFAR-10","70","0.001","0.9","0.02","s&p","10","52.88","0.27139509518941246","10","10"
"Gamma_layer_2_perturbation_0.13_sp_0.02","finished","-","","","2025-07-04T16:44:16.000Z","17","","0.01","0.01","0.01","0.01","128","0.33","0.33","0.33","0.33","0.33","0.33","0.13","0.33","ff_fb_model","CNN","CIFAR-10","70","0.001","0.9","0.02","s&p","10","52.51","0.2706290364265442","10","10"
"Gamma_layer_2_perturbation_0.53_sp_0.00","finished","-","","","2025-07-04T16:43:53.000Z","16","","0.01","0.01","0.01","0.01","128","0.33","0.33","0.33","0.33","0.33","0.33","0.53","0.33","ff_fb_model","CNN","CIFAR-10","70","0.001","0.9","0","s&p","10","57.83","0.27088306347529095","10","10"
"Gamma_layer_2_perturbation_0.43_sp_0.00","finished","-","","","2025-07-04T16:43:29.000Z","16","","0.01","0.01","0.01","0.01","128","0.33","0.33","0.33","0.33","0.33","0.33","0.43","0.33","ff_fb_model","CNN","CIFAR-10","70","0.001","0.9","0","s&p","10","57.91","0.27144513924916586","10","10"
"Gamma_layer_2_perturbation_0.33_sp_0.00","finished","-","","","2025-07-04T16:43:05.000Z","17","","0.01","0.01","0.01","0.01","128","0.33","0.33","0.33","0.33","0.33","0.33","0.33","0.33","ff_fb_model","CNN","CIFAR-10","70","0.001","0.9","0","s&p","10","57.97","0.27257413466771446","10","10"
"Gamma_layer_2_perturbation_0.23_sp_0.00","finished","-","","","2025-07-04T16:42:41.000Z","17","","0.01","0.01","0.01","0.01","128","0.33","0.33","0.33","0.33","0.33","0.33","0.23","0.33","ff_fb_model","CNN","CIFAR-10","70","0.001","0.9","0","s&p","10","58.23","0.2713218728701274","10","10"
"Gamma_layer_2_perturbation_0.13_sp_0.00","finished","-","","","2025-07-04T16:42:18.000Z","16","","0.01","0.01","0.01","0.01","128","0.33","0.33","0.33","0.33","0.33","0.33","0.13","0.33","ff_fb_model","CNN","CIFAR-10","70","0.001","0.9","0","s&p","10","58.03","0.26973114411036175","10","10"
"Gamma_layer_1_perturbation_0.53_gauss_0.80","finished","-","","","2025-07-04T16:41:54.000Z","16","","0.01","0.01","0.01","0.01","128","0.33","0.33","0.33","0.33","0.33","0.53","0.33","0.33","ff_fb_model","CNN","CIFAR-10","70","0.001","0.9","0.8","gauss","10","48.06","0.27490553855895994","10","10"
"Gamma_layer_1_perturbation_0.43_gauss_0.80","finished","-","","","2025-07-04T16:41:30.000Z","16","","0.01","0.01","0.01","0.01","128","0.33","0.33","0.33","0.33","0.33","0.43","0.33","0.33","ff_fb_model","CNN","CIFAR-10","70","0.001","0.9","0.8","gauss","10","47.85","0.2739468415578206","10","10"
"Gamma_layer_1_perturbation_0.33_gauss_0.80","finished","-","","","2025-07-04T16:41:06.000Z","16","","0.01","0.01","0.01","0.01","128","0.33","0.33","0.33","0.33","0.33","0.33","0.33","0.33","ff_fb_model","CNN","CIFAR-10","70","0.001","0.9","0.8","gauss","10","47.32","0.27723329067230223","10","10"
"Gamma_layer_1_perturbation_0.23_gauss_0.80","finished","-","","","2025-07-04T16:40:42.000Z","16","","0.01","0.01","0.01","0.01","128","0.33","0.33","0.33","0.33","0.33","0.23","0.33","0.33","ff_fb_model","CNN","CIFAR-10","70","0.001","0.9","0.8","gauss","10","46.87","0.27379442056020104","10","10"
"Gamma_layer_1_perturbation_0.13_gauss_0.80","finished","-","","","2025-07-04T16:40:18.000Z","16","","0.01","0.01","0.01","0.01","128","0.33","0.33","0.33","0.33","0.33","0.13","0.33","0.33","ff_fb_model","CNN","CIFAR-10","70","0.001","0.9","0.8","gauss","10","46.22","0.27384008169174195","10","10"
"Gamma_layer_1_perturbation_0.53_gauss_0.60","finished","-","","","2025-07-04T16:39:54.000Z","16","","0.01","0.01","0.01","0.01","128","0.33","0.33","0.33","0.33","0.33","0.53","0.33","0.33","ff_fb_model","CNN","CIFAR-10","70","0.001","0.9","0.6000000000000001","gauss","10","51.92","0.27200874090194704","10","10"
"Gamma_layer_1_perturbation_0.43_gauss_0.60","finished","-","","","2025-07-04T16:39:30.000Z","16","","0.01","0.01","0.01","0.01","128","0.33","0.33","0.33","0.33","0.33","0.43","0.33","0.33","ff_fb_model","CNN","CIFAR-10","70","0.001","0.9","0.6000000000000001","gauss","10","51.61","0.27450922727584837","10","10"
"Gamma_layer_1_perturbation_0.33_gauss_0.60","finished","-","","","2025-07-04T16:39:06.000Z","16","","0.01","0.01","0.01","0.01","128","0.33","0.33","0.33","0.33","0.33","0.33","0.33","0.33","ff_fb_model","CNN","CIFAR-10","70","0.001","0.9","0.6000000000000001","gauss","10","51.12","0.274970801671346","10","10"
"Gamma_layer_1_perturbation_0.23_gauss_0.60","finished","-","","","2025-07-04T16:38:42.000Z","16","","0.01","0.01","0.01","0.01","128","0.33","0.33","0.33","0.33","0.33","0.23","0.33","0.33","ff_fb_model","CNN","CIFAR-10","70","0.001","0.9","0.6000000000000001","gauss","10","50.58","0.2755909442901611","10","10"
"Gamma_layer_1_perturbation_0.13_gauss_0.60","finished","-","","","2025-07-04T16:38:18.000Z","17","","0.01","0.01","0.01","0.01","128","0.33","0.33","0.33","0.33","0.33","0.13","0.33","0.33","ff_fb_model","CNN","CIFAR-10","70","0.001","0.9","0.6000000000000001","gauss","10","49.86","0.27268118063608804","10","10"
"Gamma_layer_1_perturbation_0.53_gauss_0.40","finished","-","","","2025-07-04T16:37:54.000Z","17","","0.01","0.01","0.01","0.01","128","0.33","0.33","0.33","0.33","0.33","0.53","0.33","0.33","ff_fb_model","CNN","CIFAR-10","70","0.001","0.9","0.4","gauss","10","55.35","0.27494101524353026","10","10"
"Gamma_layer_1_perturbation_0.43_gauss_0.40","finished","-","","","2025-07-04T16:37:30.000Z","17","","0.01","0.01","0.01","0.01","128","0.33","0.33","0.33","0.33","0.33","0.43","0.33","0.33","ff_fb_model","CNN","CIFAR-10","70","0.001","0.9","0.4","gauss","10","55.04","0.2741759141286214","10","10"
"Gamma_layer_1_perturbation_0.33_gauss_0.40","finished","-","","","2025-07-04T16:37:06.000Z","17","","0.01","0.01","0.01","0.01","128","0.33","0.33","0.33","0.33","0.33","0.33","0.33","0.33","ff_fb_model","CNN","CIFAR-10","70","0.001","0.9","0.4","gauss","10","54.63","0.27442734241485595","10","10"
"Gamma_layer_1_perturbation_0.23_gauss_0.40","finished","-","","","2025-07-04T16:36:42.000Z","17","","0.01","0.01","0.01","0.01","128","0.33","0.33","0.33","0.33","0.33","0.23","0.33","0.33","ff_fb_model","CNN","CIFAR-10","70","0.001","0.9","0.4","gauss","10","54.24","0.2745336691538493","10","10"
"Gamma_layer_1_perturbation_0.13_gauss_0.40","finished","-","","","2025-07-04T16:36:18.000Z","17","","0.01","0.01","0.01","0.01","128","0.33","0.33","0.33","0.33","0.33","0.13","0.33","0.33","ff_fb_model","CNN","CIFAR-10","70","0.001","0.9","0.4","gauss","10","53.64","0.27454063097635906","10","10"
"Gamma_layer_1_perturbation_0.53_gauss_0.20","finished","-","","","2025-07-04T16:35:54.000Z","17","","0.01","0.01","0.01","0.01","128","0.33","0.33","0.33","0.33","0.33","0.53","0.33","0.33","ff_fb_model","CNN","CIFAR-10","70","0.001","0.9","0.2","gauss","10","57.57","0.2731720487276713","10","10"
"Gamma_layer_1_perturbation_0.43_gauss_0.20","finished","-","","","2025-07-04T16:35:30.000Z","17","","0.01","0.01","0.01","0.01","128","0.33","0.33","0.33","0.33","0.33","0.43","0.33","0.33","ff_fb_model","CNN","CIFAR-10","70","0.001","0.9","0.2","gauss","10","57.2","0.2733198205629985","10","10"
"Gamma_layer_1_perturbation_0.33_gauss_0.20","finished","-","","","2025-07-04T16:35:06.000Z","17","","0.01","0.01","0.01","0.01","128","0.33","0.33","0.33","0.33","0.33","0.33","0.33","0.33","ff_fb_model","CNN","CIFAR-10","70","0.001","0.9","0.2","gauss","10","57.03","0.27484865188598634","10","10"
"Gamma_layer_1_perturbation_0.23_gauss_0.20","finished","-","","","2025-07-04T16:34:40.000Z","19","","0.01","0.01","0.01","0.01","128","0.33","0.33","0.33","0.33","0.33","0.23","0.33","0.33","ff_fb_model","CNN","CIFAR-10","70","0.001","0.9","0.2","gauss","10","56.77","0.2760024468104045","10","10"
"Gamma_layer_1_perturbation_0.13_gauss_0.20","finished","-","","","2025-07-04T16:34:17.000Z","16","","0.01","0.01","0.01","0.01","128","0.33","0.33","0.33","0.33","0.33","0.13","0.33","0.33","ff_fb_model","CNN","CIFAR-10","70","0.001","0.9","0.2","gauss","10","56.23","0.2740331252415975","10","10"
"Gamma_layer_1_perturbation_0.53_gauss_0.00","finished","-","","","2025-07-04T16:33:53.000Z","16","","0.01","0.01","0.01","0.01","128","0.33","0.33","0.33","0.33","0.33","0.53","0.33","0.33","ff_fb_model","CNN","CIFAR-10","70","0.001","0.9","0","gauss","10","58.77","0.27374805212020875","10","10"
"Gamma_layer_1_perturbation_0.43_gauss_0.00","finished","-","","","2025-07-04T16:33:29.000Z","16","","0.01","0.01","0.01","0.01","128","0.33","0.33","0.33","0.33","0.33","0.43","0.33","0.33","ff_fb_model","CNN","CIFAR-10","70","0.001","0.9","0","gauss","10","58.37","0.2728866457939148","10","10"
"Gamma_layer_1_perturbation_0.33_gauss_0.00","finished","-","","","2025-07-04T16:33:05.000Z","17","","0.01","0.01","0.01","0.01","128","0.33","0.33","0.33","0.33","0.33","0.33","0.33","0.33","ff_fb_model","CNN","CIFAR-10","70","0.001","0.9","0","gauss","10","57.97","0.27284668684005736","10","10"
"Gamma_layer_1_perturbation_0.23_gauss_0.00","finished","-","","","2025-07-04T16:32:41.000Z","17","","0.01","0.01","0.01","0.01","128","0.33","0.33","0.33","0.33","0.33","0.23","0.33","0.33","ff_fb_model","CNN","CIFAR-10","70","0.001","0.9","0","gauss","10","57.77","0.27385525703430175","10","10"
"Gamma_layer_1_perturbation_0.13_gauss_0.00","finished","-","","","2025-07-04T16:32:18.000Z","16","","0.01","0.01","0.01","0.01","128","0.33","0.33","0.33","0.33","0.33","0.13","0.33","0.33","ff_fb_model","CNN","CIFAR-10","70","0.001","0.9","0","gauss","10","57.35","0.2733693520228068","10","10"
"Gamma_layer_1_perturbation_0.53_sp_0.06","finished","-","","","2025-07-04T16:31:54.000Z","16","","0.01","0.01","0.01","0.01","128","0.33","0.33","0.33","0.33","0.33","0.53","0.33","0.33","ff_fb_model","CNN","CIFAR-10","70","0.001","0.9","0.06","s&p","10","45.12","0.2709761579831441","10","10"
"Gamma_layer_1_perturbation_0.43_sp_0.06","finished","-","","","2025-07-04T16:31:30.000Z","17","","0.01","0.01","0.01","0.01","128","0.33","0.33","0.33","0.33","0.33","0.43","0.33","0.33","ff_fb_model","CNN","CIFAR-10","70","0.001","0.9","0.06","s&p","10","44.71","0.27095121145248413","10","10"
"Gamma_layer_1_perturbation_0.33_sp_0.06","finished","-","","","2025-07-04T16:31:06.000Z","17","","0.01","0.01","0.01","0.01","128","0.33","0.33","0.33","0.33","0.33","0.33","0.33","0.33","ff_fb_model","CNN","CIFAR-10","70","0.001","0.9","0.06","s&p","10","44.3","0.2722657601038615","10","10"
"Gamma_layer_1_perturbation_0.23_sp_0.06","finished","-","","","2025-07-04T16:30:43.000Z","16","","0.01","0.01","0.01","0.01","128","0.33","0.33","0.33","0.33","0.33","0.23","0.33","0.33","ff_fb_model","CNN","CIFAR-10","70","0.001","0.9","0.06","s&p","10","43.84","0.2709424177805583","10","10"
"Gamma_layer_1_perturbation_0.13_sp_0.06","finished","-","","","2025-07-04T16:30:19.000Z","16","","0.01","0.01","0.01","0.01","128","0.33","0.33","0.33","0.33","0.33","0.13","0.33","0.33","ff_fb_model","CNN","CIFAR-10","70","0.001","0.9","0.06","s&p","10","43.11","0.2695266207059224","10","10"
"Gamma_layer_1_perturbation_0.53_sp_0.04","finished","-","","","2025-07-04T16:29:55.000Z","16","","0.01","0.01","0.01","0.01","128","0.33","0.33","0.33","0.33","0.33","0.53","0.33","0.33","ff_fb_model","CNN","CIFAR-10","70","0.001","0.9","0.04","s&p","10","49.17","0.2677259882291158","10","10"
"Gamma_layer_1_perturbation_0.43_sp_0.04","finished","-","","","2025-07-04T16:29:32.000Z","16","","0.01","0.01","0.01","0.01","128","0.33","0.33","0.33","0.33","0.33","0.43","0.33","0.33","ff_fb_model","CNN","CIFAR-10","70","0.001","0.9","0.04","s&p","10","48.72","0.2685044844945272","10","10"
"Gamma_layer_1_perturbation_0.33_sp_0.04","finished","-","","","2025-07-04T16:29:08.000Z","16","","0.01","0.01","0.01","0.01","128","0.33","0.33","0.33","0.33","0.33","0.33","0.33","0.33","ff_fb_model","CNN","CIFAR-10","70","0.001","0.9","0.04","s&p","10","48.25","0.2698858857154846","10","10"
"Gamma_layer_1_perturbation_0.23_sp_0.04","finished","-","","","2025-07-04T16:28:44.000Z","17","","0.01","0.01","0.01","0.01","128","0.33","0.33","0.33","0.33","0.33","0.23","0.33","0.33","ff_fb_model","CNN","CIFAR-10","70","0.001","0.9","0.04","s&p","10","47.7","0.2685374538103739","10","10"
"Gamma_layer_1_perturbation_0.13_sp_0.04","finished","-","","","2025-07-04T16:28:20.000Z","17","","0.01","0.01","0.01","0.01","128","0.33","0.33","0.33","0.33","0.33","0.13","0.33","0.33","ff_fb_model","CNN","CIFAR-10","70","0.001","0.9","0.04","s&p","10","46.85","0.27158387899398806","10","10"
"Gamma_layer_1_perturbation_0.53_sp_0.02","finished","-","","","2025-07-04T16:27:57.000Z","16","","0.01","0.01","0.01","0.01","128","0.33","0.33","0.33","0.33","0.33","0.53","0.33","0.33","ff_fb_model","CNN","CIFAR-10","70","0.001","0.9","0.02","s&p","10","54.02","0.2718949317932129","10","10"
"Gamma_layer_1_perturbation_0.43_sp_0.02","finished","-","","","2025-07-04T16:27:33.000Z","16","","0.01","0.01","0.01","0.01","128","0.33","0.33","0.33","0.33","0.33","0.43","0.33","0.33","ff_fb_model","CNN","CIFAR-10","70","0.001","0.9","0.02","s&p","10","53.67","0.2714167912801107","10","10"
"Gamma_layer_1_perturbation_0.33_sp_0.02","finished","-","","","2025-07-04T16:27:09.000Z","16","","0.01","0.01","0.01","0.01","128","0.33","0.33","0.33","0.33","0.33","0.33","0.33","0.33","ff_fb_model","CNN","CIFAR-10","70","0.001","0.9","0.02","s&p","10","53.23","0.2677430788675944","10","10"
"Gamma_layer_1_perturbation_0.23_sp_0.02","finished","-","","","2025-07-04T16:26:46.000Z","16","","0.01","0.01","0.01","0.01","128","0.33","0.33","0.33","0.33","0.33","0.23","0.33","0.33","ff_fb_model","CNN","CIFAR-10","70","0.001","0.9","0.02","s&p","10","52.9","0.26849003235499064","10","10"
"Gamma_layer_1_perturbation_0.13_sp_0.02","finished","-","","","2025-07-04T16:26:22.000Z","16","","0.01","0.01","0.01","0.01","128","0.33","0.33","0.33","0.33","0.33","0.13","0.33","0.33","ff_fb_model","CNN","CIFAR-10","70","0.001","0.9","0.02","s&p","10","52.32","0.2678564111391703","10","10"
"Gamma_layer_1_perturbation_0.53_sp_0.00","finished","-","","","2025-07-04T16:25:58.000Z","17","","0.01","0.01","0.01","0.01","128","0.33","0.33","0.33","0.33","0.33","0.53","0.33","0.33","ff_fb_model","CNN","CIFAR-10","70","0.001","0.9","0","s&p","10","58.77","0.26822038094202677","10","10"
"Gamma_layer_1_perturbation_0.43_sp_0.00","finished","-","","","2025-07-04T16:25:02.000Z","49","","0.01","0.01","0.01","0.01","128","0.33","0.33","0.33","0.33","0.33","0.43","0.33","0.33","ff_fb_model","CNN","CIFAR-10","70","0.001","0.9","0","s&p","10","58.37","0.2701710899670919","10","10"
"Gamma_layer_1_perturbation_0.33_sp_0.00","finished","-","","","2025-07-04T16:24:38.000Z","17","","0.01","0.01","0.01","0.01","128","0.33","0.33","0.33","0.33","0.33","0.33","0.33","0.33","ff_fb_model","CNN","CIFAR-10","70","0.001","0.9","0","s&p","10","57.97","0.27059367497762044","10","10"
"Gamma_layer_1_perturbation_0.23_sp_0.00","finished","-","","","2025-07-04T16:24:15.000Z","16","","0.01","0.01","0.01","0.01","128","0.33","0.33","0.33","0.33","0.33","0.23","0.33","0.33","ff_fb_model","CNN","CIFAR-10","70","0.001","0.9","0","s&p","10","57.77","0.2696758985519409","10","10"
"Gamma_layer_1_perturbation_0.13_sp_0.00","finished","-","","","2025-07-04T16:23:51.000Z","17","","0.01","0.01","0.01","0.01","128","0.33","0.33","0.33","0.33","0.33","0.13","0.33","0.33","ff_fb_model","CNN","CIFAR-10","70","0.001","0.9","0","s&p","10","57.35","0.2713646332422892","10","10"
"Gamma_layer_0_perturbation_0.53_gauss_0.80","finished","-","","","2025-07-04T16:23:27.000Z","17","","0.01","0.01","0.01","0.01","128","0.33","0.33","0.33","0.33","0.53","0.33","0.33","0.33","ff_fb_model","CNN","CIFAR-10","70","0.001","0.9","0.8","gauss","10","47.49","0.2759678244590759","10","10"
"Gamma_layer_0_perturbation_0.43_gauss_0.80","finished","-","","","2025-07-04T16:23:03.000Z","17","","0.01","0.01","0.01","0.01","128","0.33","0.33","0.33","0.33","0.43","0.33","0.33","0.33","ff_fb_model","CNN","CIFAR-10","70","0.001","0.9","0.8","gauss","10","47.43","0.27646043300628664","10","10"
"Gamma_layer_0_perturbation_0.33_gauss_0.80","finished","-","","","2025-07-04T16:22:40.000Z","16","","0.01","0.01","0.01","0.01","128","0.33","0.33","0.33","0.33","0.33","0.33","0.33","0.33","ff_fb_model","CNN","CIFAR-10","70","0.001","0.9","0.8","gauss","10","47.32","0.2737139066060384","10","10"
"Gamma_layer_0_perturbation_0.23_gauss_0.80","finished","-","","","2025-07-04T16:22:15.000Z","17","","0.01","0.01","0.01","0.01","128","0.33","0.33","0.33","0.33","0.23","0.33","0.33","0.33","ff_fb_model","CNN","CIFAR-10","70","0.001","0.9","0.8","gauss","10","47.29","0.27713191509246826","10","10"
"Gamma_layer_0_perturbation_0.13_gauss_0.80","finished","-","","","2025-07-04T16:21:51.000Z","17","","0.01","0.01","0.01","0.01","128","0.33","0.33","0.33","0.33","0.13","0.33","0.33","0.33","ff_fb_model","CNN","CIFAR-10","70","0.001","0.9","0.8","gauss","10","47.06","0.2766228755315145","10","10"
"Gamma_layer_0_perturbation_0.53_gauss_0.60","finished","-","","","2025-07-04T16:21:27.000Z","17","","0.01","0.01","0.01","0.01","128","0.33","0.33","0.33","0.33","0.53","0.33","0.33","0.33","ff_fb_model","CNN","CIFAR-10","70","0.001","0.9","0.6000000000000001","gauss","10","51.48","0.2742490967114766","10","10"
"Gamma_layer_0_perturbation_0.43_gauss_0.60","finished","-","","","2025-07-04T16:21:03.000Z","17","","0.01","0.01","0.01","0.01","128","0.33","0.33","0.33","0.33","0.43","0.33","0.33","0.33","ff_fb_model","CNN","CIFAR-10","70","0.001","0.9","0.6000000000000001","gauss","10","51.42","0.2753758509953817","10","10"
"Gamma_layer_0_perturbation_0.33_gauss_0.60","finished","-","","","2025-07-04T16:20:39.000Z","17","","0.01","0.01","0.01","0.01","128","0.33","0.33","0.33","0.33","0.33","0.33","0.33","0.33","ff_fb_model","CNN","CIFAR-10","70","0.001","0.9","0.6000000000000001","gauss","10","51.12","0.2752087593078613","10","10"
"Gamma_layer_0_perturbation_0.23_gauss_0.60","finished","-","","","2025-07-04T16:20:15.000Z","17","","0.01","0.01","0.01","0.01","128","0.33","0.33","0.33","0.33","0.23","0.33","0.33","0.33","ff_fb_model","CNN","CIFAR-10","70","0.001","0.9","0.6000000000000001","gauss","10","50.95","0.27702993154525757","10","10"
"Gamma_layer_0_perturbation_0.13_gauss_0.60","finished","-","","","2025-07-04T16:19:51.000Z","17","","0.01","0.01","0.01","0.01","128","0.33","0.33","0.33","0.33","0.13","0.33","0.33","0.33","ff_fb_model","CNN","CIFAR-10","70","0.001","0.9","0.6000000000000001","gauss","10","50.75","0.27351127465566","10","10"
"Gamma_layer_0_perturbation_0.53_gauss_0.40","finished","-","","","2025-07-04T16:19:27.000Z","17","","0.01","0.01","0.01","0.01","128","0.33","0.33","0.33","0.33","0.53","0.33","0.33","0.33","ff_fb_model","CNN","CIFAR-10","70","0.001","0.9","0.4","gauss","10","55.22","0.2743698040644328","10","10"
"Gamma_layer_0_perturbation_0.43_gauss_0.40","finished","-","","","2025-07-04T16:19:03.000Z","16","","0.01","0.01","0.01","0.01","128","0.33","0.33","0.33","0.33","0.43","0.33","0.33","0.33","ff_fb_model","CNN","CIFAR-10","70","0.001","0.9","0.4","gauss","10","54.96","0.27458512783050537","10","10"
"Gamma_layer_0_perturbation_0.33_gauss_0.40","finished","-","","","2025-07-04T16:18:39.000Z","16","","0.01","0.01","0.01","0.01","128","0.33","0.33","0.33","0.33","0.33","0.33","0.33","0.33","ff_fb_model","CNN","CIFAR-10","70","0.001","0.9","0.4","gauss","10","54.63","0.2732424815495809","10","10"
"Gamma_layer_0_perturbation_0.23_gauss_0.40","finished","-","","","2025-07-04T16:18:15.000Z","16","","0.01","0.01","0.01","0.01","128","0.33","0.33","0.33","0.33","0.23","0.33","0.33","0.33","ff_fb_model","CNN","CIFAR-10","70","0.001","0.9","0.4","gauss","10","54.23","0.27127621571222943","10","10"
"Gamma_layer_0_perturbation_0.13_gauss_0.40","finished","-","","","2025-07-04T16:17:51.000Z","16","","0.01","0.01","0.01","0.01","128","0.33","0.33","0.33","0.33","0.13","0.33","0.33","0.33","ff_fb_model","CNN","CIFAR-10","70","0.001","0.9","0.4","gauss","10","53.74","0.27211570739746094","10","10"
"Gamma_layer_0_perturbation_0.53_gauss_0.20","finished","-","","","2025-07-04T16:17:27.000Z","16","","0.01","0.01","0.01","0.01","128","0.33","0.33","0.33","0.33","0.53","0.33","0.33","0.33","ff_fb_model","CNN","CIFAR-10","70","0.001","0.9","0.2","gauss","10","57.87","0.27545393308003746","10","10"
"Gamma_layer_0_perturbation_0.43_gauss_0.20","finished","-","","","2025-07-04T16:17:03.000Z","16","","0.01","0.01","0.01","0.01","128","0.33","0.33","0.33","0.33","0.43","0.33","0.33","0.33","ff_fb_model","CNN","CIFAR-10","70","0.001","0.9","0.2","gauss","10","57.49","0.2742309848467509","10","10"
"Gamma_layer_0_perturbation_0.33_gauss_0.20","finished","-","","","2025-07-04T16:16:39.000Z","16","","0.01","0.01","0.01","0.01","128","0.33","0.33","0.33","0.33","0.33","0.33","0.33","0.33","ff_fb_model","CNN","CIFAR-10","70","0.001","0.9","0.2","gauss","10","57.03","0.27291058699289955","10","10"
"Gamma_layer_0_perturbation_0.23_gauss_0.20","finished","-","","","2025-07-04T16:16:15.000Z","17","","0.01","0.01","0.01","0.01","128","0.33","0.33","0.33","0.33","0.23","0.33","0.33","0.33","ff_fb_model","CNN","CIFAR-10","70","0.001","0.9","0.2","gauss","10","56.48","0.27456327676773074","10","10"
"Gamma_layer_0_perturbation_0.13_gauss_0.20","finished","-","","","2025-07-04T16:15:51.000Z","17","","0.01","0.01","0.01","0.01","128","0.33","0.33","0.33","0.33","0.13","0.33","0.33","0.33","ff_fb_model","CNN","CIFAR-10","70","0.001","0.9","0.2","gauss","10","55.8","0.27610728740692136","10","10"
"Gamma_layer_0_perturbation_0.53_gauss_0.00","finished","-","","","2025-07-04T16:15:27.000Z","17","","0.01","0.01","0.01","0.01","128","0.33","0.33","0.33","0.33","0.53","0.33","0.33","0.33","ff_fb_model","CNN","CIFAR-10","70","0.001","0.9","0","gauss","10","58.87","0.27397334973017373","10","10"
"Gamma_layer_0_perturbation_0.43_gauss_0.00","finished","-","","","2025-07-04T16:15:03.000Z","17","","0.01","0.01","0.01","0.01","128","0.33","0.33","0.33","0.33","0.43","0.33","0.33","0.33","ff_fb_model","CNN","CIFAR-10","70","0.001","0.9","0","gauss","10","58.42","0.2740752855936686","10","10"
"Gamma_layer_0_perturbation_0.33_gauss_0.00","finished","-","","","2025-07-04T16:14:39.000Z","17","","0.01","0.01","0.01","0.01","128","0.33","0.33","0.33","0.33","0.33","0.33","0.33","0.33","ff_fb_model","CNN","CIFAR-10","70","0.001","0.9","0","gauss","10","57.97","0.2742968996365865","10","10"
"Gamma_layer_0_perturbation_0.23_gauss_0.00","finished","-","","","2025-07-04T16:14:15.000Z","17","","0.01","0.01","0.01","0.01","128","0.33","0.33","0.33","0.33","0.23","0.33","0.33","0.33","ff_fb_model","CNN","CIFAR-10","70","0.001","0.9","0","gauss","10","57.48","0.27271421353022257","10","10"
"Gamma_layer_0_perturbation_0.13_gauss_0.00","finished","-","","","2025-07-04T16:13:51.000Z","17","","0.01","0.01","0.01","0.01","128","0.33","0.33","0.33","0.33","0.13","0.33","0.33","0.33","ff_fb_model","CNN","CIFAR-10","70","0.001","0.9","0","gauss","10","56.69","0.27320785919825236","10","10"
"Gamma_layer_0_perturbation_0.53_sp_0.06","finished","-","","","2025-07-04T16:13:28.000Z","16","","0.01","0.01","0.01","0.01","128","0.33","0.33","0.33","0.33","0.53","0.33","0.33","0.33","ff_fb_model","CNN","CIFAR-10","70","0.001","0.9","0.06","s&p","10","44.21","0.27217607498168944","10","10"
"Gamma_layer_0_perturbation_0.43_sp_0.06","finished","-","","","2025-07-04T16:13:04.000Z","16","","0.01","0.01","0.01","0.01","128","0.33","0.33","0.33","0.33","0.43","0.33","0.33","0.33","ff_fb_model","CNN","CIFAR-10","70","0.001","0.9","0.06","s&p","10","44.22","0.27227051655451456","10","10"
"Gamma_layer_0_perturbation_0.33_sp_0.06","finished","-","","","2025-07-04T16:12:40.000Z","17","","0.01","0.01","0.01","0.01","128","0.33","0.33","0.33","0.33","0.33","0.33","0.33","0.33","ff_fb_model","CNN","CIFAR-10","70","0.001","0.9","0.06","s&p","10","44.3","0.2702155272165934","10","10"
"Gamma_layer_0_perturbation_0.23_sp_0.06","finished","-","","","2025-07-04T16:12:17.000Z","16","","0.01","0.01","0.01","0.01","128","0.33","0.33","0.33","0.33","0.23","0.33","0.33","0.33","ff_fb_model","CNN","CIFAR-10","70","0.001","0.9","0.06","s&p","10","44.3","0.27085378964742024","10","10"
"Gamma_layer_0_perturbation_0.13_sp_0.06","finished","-","","","2025-07-04T16:11:53.000Z","16","","0.01","0.01","0.01","0.01","128","0.33","0.33","0.33","0.33","0.13","0.33","0.33","0.33","ff_fb_model","CNN","CIFAR-10","70","0.001","0.9","0.06","s&p","10","44.25","0.270361073811849","10","10"
"Gamma_layer_0_perturbation_0.53_sp_0.04","finished","-","","","2025-07-04T16:11:29.000Z","17","","0.01","0.01","0.01","0.01","128","0.33","0.33","0.33","0.33","0.53","0.33","0.33","0.33","ff_fb_model","CNN","CIFAR-10","70","0.001","0.9","0.04","s&p","10","48.65","0.26986156702041625","10","10"
"Gamma_layer_0_perturbation_0.43_sp_0.04","finished","-","","","2025-07-04T16:11:06.000Z","16","","0.01","0.01","0.01","0.01","128","0.33","0.33","0.33","0.33","0.43","0.33","0.33","0.33","ff_fb_model","CNN","CIFAR-10","70","0.001","0.9","0.04","s&p","10","48.37","0.2701852520306905","10","10"
"Gamma_layer_0_perturbation_0.33_sp_0.04","finished","-","","","2025-07-04T16:10:42.000Z","16","","0.01","0.01","0.01","0.01","128","0.33","0.33","0.33","0.33","0.33","0.33","0.33","0.33","ff_fb_model","CNN","CIFAR-10","70","0.001","0.9","0.04","s&p","10","48.25","0.2695579489072164","10","10"
"Gamma_layer_0_perturbation_0.23_sp_0.04","finished","-","","","2025-07-04T16:10:18.000Z","17","","0.01","0.01","0.01","0.01","128","0.33","0.33","0.33","0.33","0.23","0.33","0.33","0.33","ff_fb_model","CNN","CIFAR-10","70","0.001","0.9","0.04","s&p","10","48.12","0.26944356759389243","10","10"
"Gamma_layer_0_perturbation_0.13_sp_0.04","finished","-","","","2025-07-04T16:09:55.000Z","16","","0.01","0.01","0.01","0.01","128","0.33","0.33","0.33","0.33","0.13","0.33","0.33","0.33","ff_fb_model","CNN","CIFAR-10","70","0.001","0.9","0.04","s&p","10","48.13","0.2690284649531047","10","10"
"Gamma_layer_0_perturbation_0.53_sp_0.02","finished","-","","","2025-07-04T16:09:31.000Z","16","","0.01","0.01","0.01","0.01","128","0.33","0.33","0.33","0.33","0.53","0.33","0.33","0.33","ff_fb_model","CNN","CIFAR-10","70","0.001","0.9","0.02","s&p","10","53.92","0.2720903952916463","10","10"
"Gamma_layer_0_perturbation_0.43_sp_0.02","finished","-","","","2025-07-04T16:09:07.000Z","16","","0.01","0.01","0.01","0.01","128","0.33","0.33","0.33","0.33","0.43","0.33","0.33","0.33","ff_fb_model","CNN","CIFAR-10","70","0.001","0.9","0.02","s&p","10","53.63","0.2704527735710144","10","10"
"Gamma_layer_0_perturbation_0.33_sp_0.02","finished","-","","","2025-07-04T16:08:44.000Z","16","","0.01","0.01","0.01","0.01","128","0.33","0.33","0.33","0.33","0.33","0.33","0.33","0.33","ff_fb_model","CNN","CIFAR-10","70","0.001","0.9","0.02","s&p","10","53.23","0.2701111316680908","10","10"
"Gamma_layer_0_perturbation_0.23_sp_0.02","finished","-","","","2025-07-04T16:08:20.000Z","16","","0.01","0.01","0.01","0.01","128","0.33","0.33","0.33","0.33","0.23","0.33","0.33","0.33","ff_fb_model","CNN","CIFAR-10","70","0.001","0.9","0.02","s&p","10","52.86","0.27280357281366985","10","10"
"Gamma_layer_0_perturbation_0.13_sp_0.02","finished","-","","","2025-07-04T16:07:56.000Z","16","","0.01","0.01","0.01","0.01","128","0.33","0.33","0.33","0.33","0.13","0.33","0.33","0.33","ff_fb_model","CNN","CIFAR-10","70","0.001","0.9","0.02","s&p","10","52.57","0.27089909712473553","10","10"
"Gamma_layer_0_perturbation_0.53_sp_0.00","finished","-","","","2025-07-04T16:07:33.000Z","16","","0.01","0.01","0.01","0.01","128","0.33","0.33","0.33","0.33","0.53","0.33","0.33","0.33","ff_fb_model","CNN","CIFAR-10","70","0.001","0.9","0","s&p","10","58.87","0.2693716843922933","10","10"
"Gamma_layer_0_perturbation_0.43_sp_0.00","finished","-","","","2025-07-04T16:07:09.000Z","16","","0.01","0.01","0.01","0.01","128","0.33","0.33","0.33","0.33","0.43","0.33","0.33","0.33","ff_fb_model","CNN","CIFAR-10","70","0.001","0.9","0","s&p","10","58.42","0.27131993770599366","10","10"
"Gamma_layer_0_perturbation_0.33_sp_0.00","finished","-","","","2025-07-04T16:06:45.000Z","16","","0.01","0.01","0.01","0.01","128","0.33","0.33","0.33","0.33","0.33","0.33","0.33","0.33","ff_fb_model","CNN","CIFAR-10","70","0.001","0.9","0","s&p","10","57.97","0.2679466366767883","10","10"
"Gamma_layer_0_perturbation_0.23_sp_0.00","finished","-","","","2025-07-04T16:06:21.000Z","17","","0.01","0.01","0.01","0.01","128","0.33","0.33","0.33","0.33","0.23","0.33","0.33","0.33","ff_fb_model","CNN","CIFAR-10","70","0.001","0.9","0","s&p","10","57.48","0.2913491209348043","10","10"
"Gamma_layer_0_perturbation_0.13_sp_0.00","finished","-","","","2025-07-04T16:05:57.000Z","16","","0.01","0.01","0.01","0.01","128","0.33","0.33","0.33","0.33","0.13","0.33","0.33","0.33","ff_fb_model","CNN","CIFAR-10","70","0.001","0.9","0","s&p","10","56.69","0.26933531363805135","10","10"